date,station,region,rainfall_mm
2025-01-21,S09,Central,0.6
2025-06-01,S08,West,0.0
2025-04-24,S10,Central,0.0
2025-11-24,S04,East,0.5
2025-12-01,S04,East,19.4
2025-09-26,S11,South,0.0
2025-09-07,S03,East,0.0
2025-10-03,S12,South,11.1
2025-01-23,S10,Central,0.0
2025-02-14,S08,West,19.7
2025-11-23,S05,East,0.0
2025-05-03,S02,North,21.6
2025-11-08,S05,East,0.0
2025-04-04,S03,East,0.0
2025-02-07,S11,South,0.0
2025-10-28,S07,West,4.8
2025-03-21,S10,Central,0.0
2025-09-07,S08,West,0.0
2025-01-15,S12,South,0.0
2025-03-13,S04,East,4.4
2025-04-25,S08,West,19.1
2025-09-28,S10,Central,0.0
2025-01-18,S10,Central,25.2
2025-09-17,S07,West,0.0
2025-05-14,S09,Central,0.0
2025-02-05,S02,North,0.0
2025-02-05,S12,South,0.0
2025-11-03,S07,West,3.2
2025-05-24,S09,Central,0.0
2025-01-18,S05,East,70.8
2025-04-21,S10,Central,1.5
2025-12-06,S05,East,15.8
2025-11-18,S11,South,0.0
2025-10-27,S02,North,0.0
2025-02-18,S09,Central,0.0
2025-12-04,S11,South,21.9
2025-12-12,S01,North,5.5
2025-05-29,S02,North,0.0
2025-09-15,S02,North,0.0
2025-04-25,S06,West,8.7
2025-11-03,S06,West,2.0
2025-06-19,S12,South,5.6
2025-09-15,S03,East,0.0
2025-03-13,S03,East,9.0
2025-08-25,S07,West,0.0
2025-07-24,S04,East,0.0
2025-12-02,S12,South,6.9
2025-12-03,S07,West,0.0
2025-06-11,S10,Central,0.0
2025-01-23,S05,East,0.0
2025-01-10,S07,West,55.3
2025-04-29,S10,Central,0.0
2025-04-19,S02,North,0.0
2025-05-26,S08,West,0.9
2025-12-08,S10,Central,13.6
2025-08-11,S06,West,0.0
2025-10-21,S08,West,9.4
2025-03-13,S06,West,3.2
2025-11-22,S01,North,2.3
2025-10-03,S01,North,6.8
2025-03-24,S08,West,0.0
2025-11-09,S07,West,0.0
2025-01-11,S11,South,1.8
2025-09-16,S11,South,0.9
2025-01-17,S10,Central,62.0
2025-05-25,S05,East,0.0
2025-07-20,S09,Central,0.0
2025-06-11,S01,North,0.0
2025-09-18,S07,West,0.0
2025-05-17,S12,South,19.7
2025-06-12,S01,North,12.6
2025-09-24,S12,South,0.0
2025-01-08,S02,North,0.0
2025-02-21,S01,North,0.0
2025-10-31,S07,West,12.5
2025-11-04,S04,East,0.0
2025-04-11,S08,West,5.0
2025-03-27,S10,Central,0.0
2025-11-08,S11,South,0.0
2025-10-10,S03,East,0.0
2025-08-04,S02,North,2.0
2025-06-18,S06,West,0.8
2025-01-11,S03,East,3.7
2025-03-29,S12,South,0.0
2025-03-08,S10,Central,3.3
2025-10-15,S06,West,3.3
2025-05-08,S08,West,0.0
2025-11-02,S01,North,13.1
2025-05-21,S06,West,0.0
2025-05-02,S02,North,0.3
2025-06-23,S03,East,29.6
2025-01-19,S07,West,16.5
2025-07-28,S08,West,0.0
2025-09-16,S05,East,1.4
2025-09-30,S04,East,0.0
2025-05-22,S04,East,17.1
2025-09-21,S12,South,0.0
2025-06-11,S04,East,0.0
2025-02-16,S08,West,16.9
2025-10-20,S10,Central,0.0
2025-06-25,S03,East,0.0
2025-05-27,S03,East,0.0
2025-12-09,S12,South,10.5
2025-11-28,S04,East,12.5
2025-05-23,S07,West,0.0
2025-07-01,S06,West,0.0
2025-10-28,S11,South,6.1
2025-03-09,S10,Central,0.0
2025-01-03,S08,West,0.0
2025-03-17,S01,North,0.7
2025-08-29,S08,West,51.9
2025-03-09,S08,West,0.0
2025-09-12,S03,East,0.0
2025-06-01,S11,South,0.0
2025-03-10,S03,East,0.0
2025-09-21,S10,Central,0.0
2025-03-10,S08,West,0.0
2025-05-06,S08,West,0.0
2025-07-31,S12,South,0.0
2025-10-05,S04,East,2.6
2025-06-18,S02,North,4.9
2025-09-28,S12,South,0.0
2025-03-27,S07,West,0.0
2025-01-07,S04,East,49.9
2025-05-18,S06,West,0.0
2025-06-05,S12,South,2.8
2025-11-22,S09,Central,1.3
2025-07-13,S08,West,2.9
2025-06-07,S03,East,0.0
2025-11-25,S10,Central,0.0
2025-04-22,S11,South,0.0
2025-08-23,S11,South,8.3
2025-03-26,S03,East,5.9
2025-02-04,S04,East,0.0
2025-07-01,S11,South,0.0
2025-02-24,S08,West,0.0
2025-10-25,S02,North,0.0
2025-04-11,S10,Central,2.4
2025-07-16,S04,East,0.0
2025-08-06,S06,West,0.0
2025-04-27,S10,Central,0.0
2025-12-28,S09,Central,30.8
2025-06-19,S05,East,0.0
2025-09-15,S05,East,0.0
2025-07-25,S11,South,0.0
2025-09-15,S06,West,0.0
2025-10-14,S02,North,25.4
2025-12-13,S07,West,17.7
2025-04-19,S05,East,2.1
2025-08-12,S04,East,1.2
2025-12-19,S07,West,0.0
2025-11-03,S11,South,2.7
2025-11-20,S11,South,7.7
2025-11-10,S11,South,11.3
2025-03-10,S07,West,0.0
2025-03-30,S08,West,17.0
2025-04-21,S03,East,2.2
2025-07-14,S01,North,0.0
2025-01-03,S03,East,0.0
2025-01-28,S02,North,16.3
2025-12-23,S01,North,25.7
2025-11-06,S07,West,0.0
2025-09-20,S05,East,0.0
2025-09-12,S07,West,0.0
2025-11-11,S10,Central,0.0
2025-01-11,S09,Central,2.5
2025-08-28,S06,West,0.0
2025-12-09,S08,West,7.7
2025-08-02,S04,East,0.0
2025-12-23,S10,Central,20.6
2025-01-23,S10,Central,0.0
2025-01-29,S05,East,0.0
2025-06-02,S07,West,9999.0
2025-09-01,S04,East,0.0
2025-03-17,S07,West,0.4
2025-07-07,S01,North,0.0
2025-09-09,S11,South,0.0
2025-06-18,S10,Central,1.5
2025-01-10,S05,East,36.9
2025-04-04,S04,East,9.5
2025-01-16,S10,Central,16.9
2025-05-31,S07,West,0.0
2025-05-05,S03,East,0.0
2025-12-05,S06,West,9.9
2025-07-30,S09,Central,0.0
2025-03-02,S11,South,4.7
2025-07-16,S02,North,0.0
2025-10-08,S07,West,14.5
2025-05-27,S02,North,0.0
2025-08-20,S03,East,0.0
2025-03-30,S02,North,13.9
2025-12-03,S06,West,0.0
2025-01-12,S10,Central,26.2
2025-06-16,S05,East,0.0
2025-04-20,S02,North,6.1
2025-11-16,S10,Central,0.0
2025-06-10,S04,East,34.2
2025-10-05,S05,East,5.4
2025-03-09,S09,Central,0.0
2025-12-03,S02,North,0.0
2025-12-10,S04,East,0.0
2025-06-20,S10,Central,6.8
2025-11-01,S07,West,9.9
2025-08-22,S04,East,0.0
2025-11-24,S09,Central,0.6
2025-05-29,S06,West,0.0
2025-09-27,S05,East,0.0
2025-04-09,S05,East,13.5
2025-03-18,S06,West,0.0
2025-11-11,S09,Central,0.0
2025-07-21,S12,South,6.4
2025-01-31,S03,East,0.0
2025-01-08,S03,East,0.0
2025-08-20,S01,North,0.0
2025-08-13,S10,Central,1.4
2025-01-16,S07,West,9.3
2025-11-19,S02,North,13.3
2025-04-21,S05,East,2.9
2025-03-19,S04,East,0.0
2025-05-01,S11,South,0.0
2025-03-28,S06,West,2.5
2025-01-14,S02,North,35.8
2025-03-08,S12,South,4.0
2025-10-18,S06,West,23.3
2025-07-09,S11,South,0.0
2025-09-11,S12,South,0.0
2025-08-02,S06,West,0.0
2025-02-09,S08,West,3.6
2025-12-25,S04,East,21.8
2025-08-02,S02,North,0.0
2025-04-09,S09,Central,8.1
2025-03-11,S11,South,0.0
2025-05-04,S08,West,0.0
2025-05-23,S10,Central,0.0
2025-07-05,S03,East,66.1
2025-02-17,S02,North,6.1
2025-04-20,S04,East,10.8
2025-06-17,S05,East,0.0
2025-05-27,S05,East,0.0
2025-07-15,S12,South,0.1
2025-07-30,S01,North,0.0
2025-08-02,S10,Central,0.0
2025-12-24,S08,West,0.4
2025-03-22,S05,East,0.0
2025-08-14,S02,North,0.0
2025-05-25,S09,Central,0.0
2025-01-04,S11,South,0.0
2025-04-05,S02,North,0.0
2025-09-02,S07,West,2.1
2025-06-10,S03,East,19.8
2025-09-13,S07,West,8.5
2025-05-21,S04,East,0.0
2025-12-29,S07,West,8.3
2025-05-03,S07,West,13.5
2025-02-18,S01,North,0.0
2025-10-30,S02,North,8.7
2025-11-20,S12,South,0.0
2025-12-07,S02,North,1.7
2025-06-20,S11,South,28.7
2025-10-04,S07,West,0.0
2025-10-27,S09,Central,0.0
2025-12-25,S07,West,0.0
2025-05-12,S11,South,18.4
2025-05-19,S06,West,29.3
2025-01-28,S06,West,8.2
2025-03-07,S09,Central,0.0
2025-10-09,S10,Central,17.1
2025-10-30,S03,East,10.4
2025-01-09,S08,West,0.0
2025-11-15,S01,North,0.0
2025-03-15,S06,West,0.0
2025-01-13,S03,East,6.4
2025-12-02,S08,West,12.8
2025-10-19,S08,West,0.0
2025-12-02,S02,North,5.6
2025-05-06,S05,East,0.0
2025-05-07,S11,South,0.0
2025-10-15,S02,North,2.4
2025-08-16,S07,West,0.0
2025-10-30,S12,South,5.4
2025-06-24,S03,East,0.0
2025-06-29,S11,South,1.4
2025-02-02,S08,West,3.4
2025-12-31,S06,West,0.0
2025-07-14,S04,East,0.0
2025-11-04,S11,South,0.0
2025-08-01,S08,West,42.9
2025-02-21,S02,North,8.8
2025-03-23,S08,West,0.0
2025-12-23,S06,West,17.4
2025-10-17,S09,Central,0.0
2025-09-11,S06,West,0.0
2025-05-02,S10,Central,0.1
2025-10-21,S02,North,7.2
2025-02-02,S10,Central,7.8
2025-03-28,S08,West,3.6
2025-01-10,S01,North,136.2
2025-07-28,S04,East,0.0
2025-10-16,S11,South,0.0
2025-04-09,S01,North,9.6
2025-08-23,S08,West,5.5
2025-11-29,S09,Central,19.0
2025-07-22,S07,West,0.0
2025-04-04,S08,West,0.0
2025-01-29,S10,Central,0.0
2025-10-12,S01,North,9.5
2025-03-07,S08,West,0.0
2025-02-28,S07,West,0.0
2025-06-24,S04,East,0.0
2025-12-20,S09,Central,0.0
2025-08-03,S04,East,0.0
2025-09-04,S10,Central,35.5
2025-01-19,S10,Central,11.6
2025-08-11,S11,South,0.0
2025-02-16,S09,Central,14.8
2025-08-22,S06,West,0.0
2025-09-25,S07,West,13.3
2025-01-13,S02,North,5.3
2025-12-08,S06,West,25.0
2025-09-16,S06,West,0.6
2025-03-23,S06,West,0.0
2025-12-22,S08,West,0.7
2025-07-07,S11,South,0.0
2025-10-09,S12,South,22.4
2025-12-15,S02,North,0.0
2025-01-20,S08,West,24.7
2025-03-17,S12,South,0.2
2025-10-18,S05,East,0.0
2025-12-27,S01,North,39.4
2025-07-20,S08,West,0.0
2025-07-11,S03,East,5.1
2025-10-11,S09,Central,0.0
2025-03-13,S10,Central,4.6
2025-11-15,S09,Central,0.0
2025-06-09,S03,East,0.0
2025-03-17,S11,South,0.6
2025-10-23,S06,West,0.0
2025-08-01,S01,North,20.9
2025-08-29,S10,Central,67.9
2025-06-25,S09,Central,0.0
2025-03-01,S04,East,0.0
2025-09-08,S02,North,0.0
2025-11-03,S09,Central,3.6
2025-05-03,S03,East,30.7
2025-09-21,S07,West,9999.0
2025-02-11,S12,South,33.2
2025-08-09,S03,East,0.0
2025-03-26,S02,North,4.9
2025-06-21,S07,West,0.0
2025-03-05,S09,Central,12.9
2025-09-18,S04,East,0.0
2025-11-02,S09,Central,11.5
2025-05-21,S11,South,0.0
2025-12-25,S11,South,0.0
2025-05-31,S10,Central,0.0
2025-02-28,S03,East,0.0
2025-04-02,S08,West,0.0
2025-08-08,S09,Central,0.0
2025-10-16,S02,North,0.0
2025-09-30,S02,North,0.0
2025-07-28,S10,Central,0.0
2025-07-17,S02,North,0.6
2025-08-31,S09,Central,6.8
2025-01-25,S07,West,12.5
2025-06-17,S09,Central,0.0
2025-07-15,S11,South,0.1
2025-01-03,S01,North,0.0
2025-02-20,S02,North,19.1
2025-06-29,S04,East,0.7
2025-03-15,S11,South,0.0
2025-05-08,S02,North,0.0
2025-10-11,S02,North,0.0
2025-02-07,S06,West,0.0
2025-04-13,S09,Central,0.0
2025-11-12,S01,North,3.9
2025-12-15,S04,East,0.0
2025-04-19,S08,West,0.0
2025-02-21,S05,East,0.0
2025-09-06,S05,East,38.6
2025-08-21,S03,East,0.0
2025-05-19,S11,South,34.5
2025-09-16,S12,South,0.6
2025-09-26,S08,West,0.0
2025-07-29,S08,West,64.5
2025-05-09,S06,West,0.0
2025-02-27,S09,Central,0.0
2025-03-19,S03,East,0.0
2025-11-12,S10,Central,4.7
2025-09-22,S10,Central,0.0
2025-03-10,S02,North,0.0
2025-03-11,S06,West,0.0
2025-01-28,S11,South,19.4
2025-02-14,S09,Central,0.0
2025-03-27,S09,Central,0.0
2025-07-17,S05,East,0.5
2025-10-08,S09,Central,4.5
2025-06-03,S11,South,0.0
2025-01-26,S10,Central,34.5
2025-06-06,S11,South,0.0
2025-02-19,S10,Central,0.0
2025-05-11,S08,West,0.0
2025-04-16,S07,West,11.5
2025-02-25,S02,North,0.0
2025-02-13,S03,East,0.0
2025-03-12,S03,East,9.2
2025-04-13,S12,South,0.0
2025-01-05,S01,North,0.0
2025-10-08,S08,West,7.7
2025-05-16,S02,North,0.0
2025-01-03,S04,East,0.0
2025-10-23,S04,East,0.0
2025-03-29,S01,North,0.0
2025-11-07,S05,East,0.4
2025-01-31,S07,West,0.0
2025-09-03,S11,South,18.2
2025-06-16,S02,North,0.0
2025-12-29,S01,North,15.5
2025-06-03,S09,Central,0.0
2025-08-03,S05,East,0.0
2025-01-14,S10,Central,46.2
2025-05-18,S07,West,0.0
2025-09-08,S09,Central,0.0
2025-08-10,S05,East,2.4
2025-05-26,S05,East,1.4
2025-08-31,S11,South,5.7
2025-08-30,S04,East,3.9
2025-10-15,S09,Central,1.4
2025-12-19,S09,Central,16.7
2025-05-01,S07,West,0.0
2025-04-06,S08,West,0.7
2025-07-15,S01,North,0.0
2025-06-12,S03,East,23.9
2025-12-25,S01,North,0.0
2025-11-13,S04,East,3.6
2025-03-16,S04,East,0.0
2025-01-07,S11,South,50.0
2025-05-01,S09,Central,0.0
2025-02-18,S08,West,0.0
2025-10-21,S07,West,7.3
2025-02-05,S10,Central,2.0
2025-04-30,S04,East,9.2
2025-07-23,S09,Central,6.4
2025-01-26,S06,West,23.5
2025-08-18,S05,East,0.0
2025-09-25,S05,East,13.8
2025-08-25,S11,South,0.0
2025-01-17,S10,Central,62.0
2025-08-07,S09,Central,0.0
2025-12-31,S02,North,0.0
2025-06-15,S11,South,0.0
2025-05-27,S10,Central,0.0
2025-12-17,S05,East,1.8
2025-02-26,S03,East,0.0
2025-08-17,S06,West,9.9
2025-12-01,S09,Central,18.5
2025-02-22,S11,South,19.5
2025-01-19,S10,Central,11.6
2025-04-12,S11,South,1.2
2025-04-26,S04,East,0.0
2025-12-19,S05,East,0.0
2025-11-18,S07,West,0.0
2025-02-15,S08,West,0.0
2025-03-07,S07,West,0.0
2025-06-23,S09,Central,25.2
2025-06-26,S05,East,6.7
2025-09-02,S05,East,3.1
2025-09-21,S06,West,0.0
2025-10-19,S10,Central,0.0
2025-07-17,S03,East,1.0
2025-12-31,S05,East,0.0
2025-05-16,S11,South,0.0
2025-02-12,S06,West,0.0
2025-08-19,S11,South,0.0
2025-09-19,S03,East,52.8
2025-11-14,S05,East,0.2
2025-10-03,S02,North,16.1
2025-08-08,S01,North,0.0
2025-09-09,S10,Central,0.0
2025-04-01,S12,South,21.6
2025-11-21,S09,Central,0.0
2025-10-19,S12,South,0.0
2025-09-14,S06,West,0.0
2025-10-01,S11,South,0.0
2025-04-29,S05,East,0.0
2025-02-26,S07,West,0.0
2025-11-27,S08,West,53.1
2025-11-05,S10,Central,57.3
2025-12-18,S11,South,0.0
2025-03-02,S12,South,3.1
2025-06-27,S08,West,0.0
2025-10-05,S07,West,22.3
2025-01-29,S09,Central,0.0
2025-02-07,S03,East,0.0
2025-05-28,S04,East,0.0
2025-05-19,S07,West,22.8
2025-03-25,S12,South,0.0
2025-08-08,S02,North,0.0
2025-06-15,S09,Central,0.0
2025-10-03,S06,West,10.1
2025-10-13,S06,West,0.1
2025-09-04,S05,East,41.5
2025-04-18,S10,Central,0.0
2025-06-25,S02,North,0.0
2025-11-10,S01,North,23.5
2025-06-26,S02,North,6.7
2025-08-08,S05,East,0.0
2025-10-15,S04,East,0.9
2025-01-10,S09,Central,33.9
2025-03-12,S05,East,13.9
2025-11-02,S10,Central,14.2
2025-02-13,S10,Central,13.9
2025-10-19,S09,Central,0.0
2025-09-17,S01,North,0.0
2025-03-16,S02,North,0.0
2025-08-26,S10,Central,1.2
2025-06-21,S05,East,0.0
2025-01-30,S04,East,0.0
2025-12-31,S09,Central,0.0
2025-08-22,S07,West,0.0
2025-05-04,S06,West,0.0
2025-03-01,S03,East,0.0
2025-04-28,S05,East,0.0
2025-12-27,S09,Central,46.6
2025-10-05,S12,South,2.0
2025-08-04,S04,East,2.1
2025-01-10,S06,West,64.1
2025-06-02,S02,North,0.0
2025-01-14,S10,Central,46.2
2025-04-06,S06,West,0.3
2025-09-29,S08,West,0.0
2025-08-18,S01,North,5.2
2025-02-18,S04,East,0.0
2025-03-18,S08,West,0.0
2025-07-27,S04,East,0.0
2025-09-16,S04,East,1.0
2025-10-10,S06,West,0.0
2025-10-23,S10,Central,0.0
2025-03-13,S11,South,5.4
2025-12-08,S04,East,17.8
2025-03-04,S01,North,7.2
2025-12-30,S05,East,0.1
2025-09-23,S09,Central,0.0
2025-06-07,S01,North,0.0
2025-03-15,S02,North,0.0
2025-07-24,S02,North,0.0
2025-08-11,S09,Central,0.0
2025-08-02,S01,North,0.0
2025-09-30,S09,Central,0.0
2025-04-04,S10,Central,0.0
2025-08-24,S02,North,18.4
2025-11-25,S08,West,0.0
2025-12-07,S09,Central,2.2
2025-08-18,S04,East,0.0
2025-08-08,S03,East,0.0
2025-11-25,S09,Central,0.0
2025-05-21,S01,North,0.0
2025-01-06,S03,East,11.9
2025-05-14,S02,North,0.0
2025-08-20,S08,West,0.0
2025-08-18,S02,North,0.0
2025-06-29,S03,East,1.9
2025-12-16,S10,Central,0.0
2025-09-18,S09,Central,0.0
2025-01-28,S07,West,57.8
2025-06-06,S01,North,0.0
2025-09-09,S02,North,0.0
2025-07-22,S03,East,0.0
2025-09-28,S09,Central,0.0
2025-04-20,S01,North,6.8
2025-11-04,S06,West,0.0
2025-01-12,S06,West,30.8
2025-04-16,S11,South,21.2
2025-11-28,S08,West,13.0
2025-12-06,S09,Central,8.8
2025-12-21,S08,West,0.0
2025-11-02,S05,East,33.9
2025-07-24,S05,East,0.0
2025-05-11,S12,South,17.5
2025-01-11,S08,West,4.0
2025-04-25,S02,North,10.8
2025-07-23,S08,West,8.7
2025-02-25,S10,Central,11.5
2025-04-28,S01,North,0.0
2025-09-11,S11,South,0.0
2025-08-01,S06,West,25.6
2025-12-19,S11,South,0.0
2025-05-30,S02,North,0.1
2025-02-15,S12,South,0.0
2025-03-16,S08,West,0.0
2025-10-10,S12,South,0.0
2025-03-15,S10,Central,0.0
2025-05-06,S11,South,0.0
2025-01-06,S02,North,5.4
2025-05-12,S10,Central,5.7
2025-01-31,S01,North,0.0
2025-01-21,S12,South,0.3
2025-08-12,S06,West,1.1
2025-11-25,S01,North,0.0
2025-01-24,S05,East,0.0
2025-03-21,S02,North,6.0
2025-07-07,S08,West,0.0
2025-11-13,S05,East,3.4
2025-09-23,S05,East,0.0
2025-02-08,S09,Central,0.0
2025-10-06,S07,West,0.0
2025-03-07,S10,Central,0.0
2025-03-27,S02,North,0.0
2025-10-08,S10,Central,10.8
2025-04-21,S04,East,1.3
2025-10-01,S05,East,0.0
2025-04-06,S01,North,9.7
2025-07-13,S06,West,0.0
2025-03-02,S04,East,3.6
2025-03-11,S08,West,0.0
2025-08-22,S08,West,0.0
2025-12-22,S07,West,0.0
2025-01-01,S06,West,0.0
2025-10-17,S01,North,0.0
2025-02-23,S07,West,77.8
2025-01-13,S12,South,7.9
2025-01-29,S01,North,0.0
2025-09-07,S06,West,0.0
2025-03-04,S02,North,4.7
2025-06-12,S07,West,23.4
2025-06-09,S09,Central,0.0
2025-11-04,S05,East,0.0
2025-02-22,S07,West,27.3
2025-09-05,S11,South,0.7
2025-05-19,S03,East,15.7
2025-12-16,S04,East,0.0
2025-12-07,S06,West,2.1
2025-01-19,S03,East,28.7
2025-09-10,S07,West,0.0
2025-07-28,S09,Central,0.0
2025-04-29,S04,East,0.0
2025-01-15,S08,West,0.0
2025-01-16,S08,West,18.7
2025-05-25,S10,Central,0.0
2025-06-17,S02,North,0.0
2025-11-18,S06,West,0.0
2025-07-18,S05,East,1.2
2025-12-05,S10,Central,10.6
2025-06-11,S03,East,0.0
2025-08-27,S02,North,0.0
2025-06-24,S02,North,0.0
2025-01-28,S05,East,14.2
2025-07-05,S10,Central,32.2
2025-04-15,S10,Central,0.0
2025-10-15,S05,East,2.5
2025-06-27,S12,South,0.0
2025-02-04,S01,North,0.0
2025-05-12,S05,East,26.6
2025-05-08,S04,East,0.0
2025-05-09,S11,South,5.3
2025-01-20,S07,West,11.3
2025-02-10,S07,West,11.4
2025-11-30,S04,East,0.0
2025-01-12,S07,West,38.5
2025-09-20,S01,North,0.0
2025-05-08,S01,North,0.0
2025-12-20,S02,North,0.0
2025-07-03,S07,West,0.0
2025-04-25,S12,South,11.9
2025-02-28,S09,Central,0.0
2025-06-20,S04,East,6.3
2025-05-23,S12,South,0.0
2025-04-22,S03,East,0.0
2025-02-08,S04,East,0.0
2025-08-23,S03,East,4.2
2025-04-14,S06,West,0.0
2025-11-08,S10,Central,0.0
2025-11-25,S04,East,0.0
2025-10-27,S04,East,0.0
2025-06-21,S09,Central,0.0
2025-02-11,S09,Central,10.8
2025-05-02,S01,North,0.3
2025-11-07,S04,East,0.5
2025-11-01,S09,Central,6.5
2025-12-21,S05,East,0.0
2025-02-08,S03,East,0.0
2025-04-09,S04,East,15.6
2025-09-08,S12,South,0.0
2025-11-28,S07,West,8.5
2025-04-22,S01,North,0.0
2025-04-14,S04,East,0.0
2025-12-14,S02,North,0.0
2025-10-01,S02,North,0.0
2025-10-10,S09,Central,0.0
2025-09-07,S07,West,0.0
2025-03-22,S06,West,0.0
2025-01-29,S12,South,0.0
2025-12-24,S05,East,0.4
2025-04-22,S12,South,0.0
2025-09-06,S07,West,36.6
2025-04-07,S04,East,0.0
2025-07-05,S08,West,56.1
2025-01-17,S12,South,20.3
2025-01-01,S09,Central,0.0
2025-01-06,S08,West,8.2
2025-08-20,S02,North,0.0
2025-11-02,S02,North,7.9
2025-07-02,S02,North,0.0
2025-04-12,S01,North,3.1
2025-03-03,S02,North,21.7
2025-07-04,S04,East,3.1
2025-07-19,S02,North,4.0
2025-02-10,S02,North,6.1
2025-11-26,S02,North,18.2
2025-10-07,S10,Central,17.3
2025-02-26,S04,East,0.0
2025-09-07,S04,East,0.0
2025-09-20,S04,East,0.0
2025-02-20,S05,East,8.7
2025-03-22,S09,Central,0.0
2025-11-20,S10,Central,0.0
2025-04-26,S11,South,0.0
2025-10-31,S02,North,17.2
2025-07-01,S04,East,4.9
2025-01-05,S09,Central,0.0
2025-01-25,S06,West,7.0
2025-02-21,S12,South,0.0
2025-01-13,S11,South,2.6
2025-07-29,S06,West,32.8
2025-05-03,S12,South,20.0
2025-11-15,S05,East,0.0
2025-01-26,S09,Central,37.7
2025-09-05,S12,South,0.9
2025-02-19,S02,North,0.0
2025-08-11,S02,North,0.0
2025-03-17,S09,Central,0.4
2025-04-04,S05,East,0.0
2025-09-27,S09,Central,0.0
2025-04-01,S02,North,26.6
2025-02-24,S02,North,0.0
2025-10-08,S05,East,10.3
2025-11-30,S12,South,0.0
2025-03-25,S02,North,4.6
2025-10-13,S07,West,0.2
2025-12-29,S02,North,16.8
2025-03-08,S02,North,2.9
2025-01-17,S03,East,34.7
2025-12-27,S10,Central,14.2
2025-11-30,S06,West,0.0
2025-03-07,S04,East,0.0
2025-05-07,S09,Central,0.0
2025-02-17,S07,West,0.0
2025-06-27,S06,West,0.0
2025-07-16,S01,North,0.0
2025-08-12,S08,West,3.6
2025-07-23,S03,East,14.1
2025-01-19,S11,South,19.9
2025-01-31,S04,East,0.0
2025-01-16,S12,South,6.7
2025-07-17,S08,West,0.6
2025-12-12,S06,West,4.8
2025-08-15,S07,West,0.0
2025-03-04,S11,South,6.2
2025-03-14,S11,South,0.7
2025-09-13,S03,East,8.7
2025-09-04,S12,South,20.4
2025-08-06,S11,South,0.0
2025-12-07,S01,North,3.9
2025-01-27,S08,West,5.6
2025-01-28,S03,East,21.7
2025-08-14,S08,West,0.0
2025-02-11,S11,South,11.0
2025-09-29,S02,North,0.0
2025-11-27,S09,Central,15.4
2025-03-07,S02,North,0.0
2025-03-04,S12,South,12.4
2025-05-13,S09,Central,15.0
2025-06-28,S12,South,0.0
2025-03-04,S10,Central,9.8
2025-05-13,S05,East,32.3
2025-09-25,S01,North,16.0
2025-01-07,S10,Central,75.3
2025-08-27,S06,West,0.0
2025-12-13,S09,Central,15.2
2025-05-02,S07,West,0.4
2025-07-06,S01,North,2.8
2025-07-08,S05,East,0.0
2025-06-15,S03,East,0.0
2025-06-01,S09,Central,0.0
2025-10-07,S01,North,46.5
2025-08-14,S11,South,33.0
2025-09-12,S02,North,0.7
2025-01-15,S11,South,0.0
2025-10-14,S12,South,41.7
2025-04-21,S07,West,3.4
2025-05-28,S02,North,0.0
2025-06-12,S04,East,26.8
2025-10-16,S05,East,0.0
2025-03-28,S04,East,2.7
2025-03-26,S12,South,6.9
2025-04-17,S12,South,0.0
2025-04-22,S05,East,0.0
2025-12-22,S02,North,0.0
2025-02-08,S10,Central,8.6
2025-05-11,S03,East,0.0
2025-12-01,S02,North,37.0
2025-10-24,S08,West,0.0
2025-05-12,S04,East,11.8
2025-10-24,S11,South,0.0
2025-08-12,S12,South,1.9
2025-04-06,S02,North,0.3
2025-04-29,S07,West,0.0
2025-08-24,S09,Central,24.1
2025-10-14,S04,East,21.1
2025-09-12,S12,South,1.3
2025-01-26,S05,East,47.6
2025-08-16,S08,West,0.0
2025-03-02,S01,North,3.9
2025-03-29,S10,Central,0.0
2025-06-11,S06,West,0.0
2025-10-11,S06,West,0.0
2025-12-26,S01,North,31.5
2025-04-18,S12,South,0.0
2025-05-12,S01,North,11.1
2025-07-30,S11,South,0.0
2025-09-22,S04,East,0.0
2025-06-08,S07,West,0.0
2025-06-12,S02,North,14.8
2025-03-22,S07,West,0.0
2025-06-09,S11,South,0.0
2025-11-15,S10,Central,0.0
2025-03-23,S10,Central,0.0
2025-05-23,S05,East,0.0
2025-04-03,S04,East,2.5
2025-05-15,S01,North,6.2
2025-09-07,S10,Central,0.0
2025-07-13,S11,South,0.0
2025-04-26,S01,North,0.0
2025-02-19,S08,West,0.0
2025-06-09,S02,North,0.0
2025-05-05,S05,East,0.0
2025-03-16,S06,West,0.0
2025-05-19,S02,North,15.9
2025-12-03,S08,West,0.0
2025-05-05,S01,North,0.0
2025-03-23,S02,North,0.0
2025-01-06,S12,South,6.6
2025-07-03,S05,East,0.0
2025-04-20,S05,East,6.3
2025-01-30,S10,Central,0.0
2025-09-04,S11,South,36.3
2025-03-12,S01,North,8.9
2025-01-27,S11,South,1.4
2025-07-08,S01,North,0.0
2025-12-30,S06,West,7.2
2025-06-05,S06,West,3.1
2025-10-02,S10,Central,13.4
2025-10-21,S04,East,6.9
2025-01-23,S02,North,0.0
2025-07-31,S06,West,0.0
2025-05-11,S07,West,0.0
2025-04-17,S10,Central,0.0
2025-08-17,S04,East,8.8
2025-06-06,S10,Central,0.0
2025-11-16,S02,North,0.0
2025-09-07,S11,South,0.0
2025-04-08,S03,East,0.0
2025-05-27,S08,West,0.0
2025-07-03,S01,North,0.0
2025-03-09,S04,East,0.0
2025-09-25,S02,North,13.0
2025-03-05,S06,West,5.6
2025-11-04,S02,North,0.0
2025-04-10,S09,Central,2.2
2025-05-24,S12,South,0.0
2025-06-23,S05,East,28.6
2025-12-02,S07,West,11.6
2025-09-21,S09,Central,0.0
2025-07-04,S07,West,0.0
2025-12-21,S12,South,0.0
2025-09-03,S07,West,16.5
2025-02-28,S04,East,8.3
2025-11-02,S12,South,21.6
2025-01-16,S03,East,15.6
2025-04-10,S01,North,4.7
2025-06-30,S07,West,0.0
2025-01-20,S09,Central,31.9
2025-08-24,S06,West,16.6
2025-03-30,S04,East,22.2
2025-12-07,S12,South,2.4
2025-07-08,S06,West,0.0
2025-07-01,S01,North,0.0
2025-11-01,S11,South,10.9
2025-09-07,S09,Central,0.0
2025-07-20,S01,North,0.0
2025-03-31,S02,North,6.2
2025-02-01,S10,Central,0.0
2025-07-12,S10,Central,17.2
2025-10-24,S06,West,0.0
2025-02-17,S04,East,0.0
2025-03-17,S02,North,0.4
2025-06-10,S12,South,18.4
2025-02-27,S12,South,0.0
2025-07-24,S03,East,0.0
2025-03-09,S02,North,14.2
2025-01-11,S04,East,1.8
2025-05-02,S08,West,0.3
2025-02-15,S11,South,0.0
2025-02-13,S11,South,0.0
2025-10-26,S07,West,21.4
2025-02-26,S11,South,0.0
2025-05-16,S08,West,0.0
2025-12-04,S07,West,23.5
2025-02-09,S12,South,2.2
2025-01-03,S05,East,0.0
2025-11-13,S02,North,4.2
2025-10-13,S03,East,0.2
2025-11-23,S07,West,0.0
2025-03-25,S11,South,0.0
2025-06-06,S05,East,0.0
2025-06-29,S08,West,1.0
2025-11-24,S05,East,1.3
2025-02-24,S12,South,0.0
2025-08-01,S05,East,19.7
2025-05-01,S12,South,0.0
2025-03-03,S10,Central,12.2
2025-01-12,S02,North,27.4
2025-08-16,S02,North,0.0
2025-02-21,S10,Central,0.0
2025-02-26,S05,East,0.0
2025-11-04,S09,Central,0.0
2025-08-30,S10,Central,2.5
2025-08-06,S08,West,0.0
2025-03-08,S04,East,5.1
2025-12-09,S10,Central,5.7
2025-01-05,S10,Central,0.0
2025-09-01,S01,North,0.0
2025-05-08,S06,West,0.0
2025-06-10,S08,West,19.4
2025-11-19,S11,South,0.0
2025-05-18,S05,East,0.0
2025-10-06,S08,West,0.0
2025-01-13,S09,Central,4.2
2025-01-05,S02,North,0.0
2025-04-02,S02,North,0.0
2025-12-26,S11,South,31.4
2025-10-11,S01,North,0.0
2025-12-18,S06,West,0.0
2025-01-20,S11,South,20.5
2025-05-22,S03,East,22.1
2025-06-29,S09,Central,1.1
2025-02-03,S10,Central,0.0
2025-02-24,S06,West,0.0
2025-12-31,S10,Central,0.0
2025-09-08,S06,West,0.0
2025-11-11,S01,North,0.0
2025-12-05,S12,South,9.9
2025-09-13,S01,North,7.2
2025-05-13,S04,East,7.4
2025-02-16,S11,South,17.0
2025-02-24,S11,South,0.0
2025-05-03,S04,East,21.7
2025-09-28,S02,North,0.0
2025-09-02,S11,South,1.6
2025-07-27,S02,North,0.0
2025-02-12,S04,East,0.0
2025-03-22,S02,North,0.0
2025-11-09,S03,East,0.0
2025-09-10,S10,Central,0.4
2025-03-04,S08,West,15.4
2025-03-18,S12,South,0.0
2025-01-18,S10,Central,25.2
2025-08-03,S12,South,0.0
2025-06-25,S06,West,0.0
2025-09-02,S02,North,2.6
2025-07-15,S07,West,30.4
2025-03-31,S04,East,4.6
2025-09-06,S06,West,35.0
2025-01-19,S06,West,9.2
2025-05-14,S04,East,0.0
2025-03-28,S09,Central,1.0
2025-01-11,S02,North,2.0
2025-07-15,S05,East,0.1
2025-06-03,S03,East,0.0
2025-06-28,S05,East,0.0
2025-11-23,S02,North,0.0
2025-09-05,S08,West,1.5
2025-07-21,S10,Central,7.7
2025-11-21,S07,West,0.0
2025-11-16,S06,West,0.0
2025-07-07,S04,East,0.0
2025-11-14,S11,South,0.2
2025-06-18,S03,East,1.6
2025-05-04,S12,South,0.0
2025-03-15,S04,East,0.0
2025-05-06,S10,Central,0.0
2025-11-06,S08,West,0.0
2025-07-24,S06,West,0.0
2025-03-26,S08,West,8.1
2025-08-21,S10,Central,0.0
2025-09-01,S10,Central,0.0
2025-12-24,S09,Central,0.4
2025-11-24,S12,South,1.1
2025-12-31,S11,South,0.0
2025-11-14,S10,Central,0.1
2025-05-17,S01,North,19.5
2025-07-01,S02,North,0.0
2025-02-27,S07,West,0.0
2025-03-23,S07,West,0.0
2025-12-22,S11,South,0.0
2025-07-23,S10,Central,17.3
2025-04-24,S09,Central,0.0
2025-07-10,S01,North,4.4
2025-05-13,S01,North,16.1
2025-03-12,S12,South,10.7
2025-06-04,S03,East,14.8
2025-06-26,S12,South,8.6
2025-01-13,S05,East,8.4
2025-12-14,S10,Central,0.0
2025-03-07,S03,East,0.0
2025-01-23,S07,West,0.0
2025-08-24,S04,East,12.8
2025-07-26,S05,East,0.0
2025-03-05,S12,South,4.2
2025-09-04,S07,West,51.4
2025-05-06,S01,North,0.0
2025-01-12,S08,West,49.4
2025-02-18,S12,South,0.0
2025-08-12,S09,Central,1.8
2025-08-31,S07,West,5.3
2025-11-29,S04,East,13.3
2025-05-26,S07,West,0.8
2025-01-15,S04,East,0.0
2025-08-24,S07,West,46.9
2025-06-10,S10,Central,16.8
2025-11-07,S03,East,0.4
2025-06-30,S08,West,0.0
2025-05-23,S02,North,0.0
2025-10-08,S12,South,8.0
2025-09-02,S01,North,1.6
2025-02-08,S10,Central,8.6
2025-10-04,S11,South,0.0
2025-10-16,S07,West,0.0
2025-10-28,S01,North,5.4
2025-07-24,S07,West,0.0
2025-10-29,S05,East,0.0
2025-09-28,S05,East,0.0
2025-08-05,S09,Central,1.4
2025-10-17,S04,East,0.0
2025-06-08,S09,Central,0.0
2025-06-13,S08,West,0.0
2025-02-06,S08,West,0.0
2025-01-31,S12,South,0.0
2025-05-01,S04,East,0.0
2025-12-22,S10,Central,0.0
2025-02-04,S05,East,0.0
2025-10-09,S06,West,14.9
2025-02-12,S07,West,0.0
2025-07-25,S08,West,0.0
2025-07-02,S07,West,0.0
2025-02-01,S02,North,0.0
2025-07-18,S03,East,1.2
2025-10-13,S05,East,0.2
2025-02-07,S09,Central,0.0
2025-02-06,S09,Central,0.0
2025-01-07,S03,East,52.4
2025-12-13,S06,West,21.6
2025-12-06,S01,North,22.0
2025-04-07,S02,North,0.0
2025-06-17,S03,East,0.0
2025-07-05,S12,South,30.9
2025-06-28,S01,North,0.0
2025-08-21,S08,West,0.0
2025-05-12,S08,West,10.8
2025-05-24,S08,West,0.0
2025-01-11,S06,West,2.5
2025-03-14,S03,East,1.5
2025-01-04,S06,West,2.4
2025-10-22,S06,West,2.3
2025-07-26,S01,North,0.0
2025-01-04,S04,East,0.0
2025-02-25,S09,Central,0.0
2025-07-29,S03,East,87.9
2025-03-11,S01,North,0.0
2025-02-14,S11,South,0.0
2025-03-10,S04,East,0.0
2025-10-24,S04,East,0.0
2025-07-26,S02,North,0.0
2025-04-29,S01,North,0.0
2025-07-12,S08,West,16.1
2025-03-24,S05,East,0.0
2025-05-09,S03,East,0.0
2025-05-29,S04,East,0.0
2025-05-26,S04,East,1.1
2025-10-24,S01,North,0.0
2025-10-04,S01,North,0.0
2025-01-18,S06,West,26.0
2025-05-07,S12,South,5.3
2025-09-28,S03,East,0.0
2025-10-19,S06,West,0.0
2025-12-17,S04,East,0.0
2025-05-09,S12,South,0.0
2025-07-03,S06,West,0.0
2025-07-13,S01,North,0.0
2025-01-05,S07,West,0.0
2025-05-11,S02,North,0.0
2025-07-04,S05,East,0.0
2025-03-18,S09,Central,0.0
2025-01-22,S05,East,0.0
2025-03-20,S12,South,1.7
2025-12-28,S04,East,39.8
2025-11-09,S06,West,0.0
2025-08-19,S05,East,0.0
2025-08-16,S12,South,0.0
2025-09-05,S03,East,2.5
2025-11-17,S06,West,0.0
2025-01-21,S07,West,0.7
2025-11-20,S04,East,0.0
2025-02-11,S10,Central,9.7
2025-05-30,S06,West,0.1
2025-02-20,S10,Central,12.4
2025-02-17,S05,East,0.0
2025-02-15,S05,East,0.0
2025-01-25,S03,East,24.2
2025-01-07,S10,Central,75.3
2025-04-17,S03,East,0.0
2025-05-07,S05,East,0.0
2025-11-05,S05,East,45.6
2025-08-30,S03,East,4.9
2025-06-30,S02,North,0.0
2025-05-31,S02,North,0.0
2025-12-28,S01,North,71.0
2025-10-14,S05,East,85.8
2025-10-01,S07,West,0.0
2025-08-26,S08,West,0.0
2025-12-29,S11,South,12.0
2025-10-13,S11,South,0.1
2025-03-20,S05,East,1.7
2025-09-26,S01,North,0.0
2025-03-30,S11,South,7.1
2025-10-18,S04,East,0.0
2025-09-29,S11,South,0.0
2025-01-01,S07,West,0.0
2025-04-24,S05,East,0.0
2025-08-16,S01,North,0.0
2025-11-02,S04,East,28.7
2025-10-06,S02,North,0.0
2025-08-09,S04,East,0.3
2025-10-04,S06,West,0.0
2025-05-19,S08,West,16.7
2025-09-19,S06,West,11.2
2025-04-21,S12,South,1.2
2025-05-29,S08,West,0.0
2025-10-08,S03,East,7.8
2025-01-01,S08,West,0.0
2025-01-16,S05,East,13.5
2025-07-28,S05,East,0.0
2025-02-16,S05,East,25.0
2025-05-02,S09,Central,0.2
2025-11-27,S10,Central,23.2
2025-09-14,S08,West,0.0
2025-11-05,S07,West,55.7
2025-02-10,S12,South,6.3
2025-03-21,S01,North,0.0
2025-07-31,S11,South,3.7
2025-11-23,S11,South,0.0
2025-04-28,S03,East,0.0
2025-02-01,S05,East,0.0
2025-01-22,S07,West,0.0
2025-08-13,S09,Central,2.4
2025-03-12,S09,Central,9.8
2025-10-03,S09,Central,6.1
2025-01-17,S05,East,53.7
2025-12-24,S07,West,0.7
2025-07-25,S03,East,0.0
2025-06-07,S06,West,0.0
2025-04-14,S10,Central,0.0
2025-05-07,S08,West,0.0
2025-10-05,S10,Central,2.1
2025-04-17,S11,South,0.0
2025-05-02,S12,South,0.3
2025-06-21,S11,South,0.0
2025-06-30,S01,North,0.0
2025-09-02,S06,West,34.7
2025-07-20,S10,Central,0.0
2025-10-06,S01,North,0.0
2025-10-23,S09,Central,0.0
2025-12-26,S07,West,32.8
2025-11-10,S06,West,24.2
2025-03-22,S12,South,0.0
2025-08-06,S02,North,0.0
2025-12-03,S04,East,0.0
2025-03-03,S05,East,39.0
2025-07-07,S12,South,0.0
2025-11-28,S09,Central,6.8
2025-06-26,S07,West,7.7
2025-02-27,S01,North,0.0
2025-04-21,S11,South,1.8
2025-05-21,S12,South,0.0
2025-02-16,S12,South,8.7
2025-01-09,S03,East,0.0
2025-01-23,S08,West,0.0
2025-05-27,S07,West,0.0
2025-10-21,S03,East,8.0
2025-02-10,S05,East,9.4
2025-12-20,S11,South,0.0
2025-12-09,S04,East,6.9
2025-12-13,S01,North,22.9
2025-05-18,S02,North,0.0
2025-08-10,S12,South,2.0
2025-04-14,S03,East,0.0
2025-04-26,S06,West,7.2
2025-08-13,S08,West,1.7
2025-11-18,S10,Central,0.0
2025-01-11,S12,South,2.2
2025-07-24,S12,South,0.0
2025-11-24,S11,South,0.7
2025-10-29,S06,West,0.0
2025-10-12,S11,South,7.0
2025-09-30,S03,East,0.0
2025-10-06,S03,East,0.0
2025-05-22,S07,West,32.6
2025-07-20,S02,North,0.0
2025-09-21,S01,North,0.0
2025-04-09,S11,South,9.4
2025-01-17,S02,North,21.7
2025-09-09,S12,South,0.0
2025-10-31,S11,South,5.0
2025-03-24,S10,Central,0.0
2025-08-20,S10,Central,0.0
2025-02-24,S04,East,1.5
2025-06-30,S06,West,0.0
2025-02-04,S06,West,0.0
2025-09-18,S08,West,0.0
2025-01-28,S10,Central,9.0
2025-01-29,S06,West,0.0
2025-09-15,S04,East,0.0
2025-05-20,S01,North,0.0
2025-05-23,S09,Central,0.0
2025-02-02,S01,North,5.9
2025-04-29,S12,South,0.0
2025-06-19,S07,West,0.0
2025-05-23,S11,South,0.0
2025-08-29,S01,North,43.2
2025-07-08,S10,Central,0.0
2025-05-14,S08,West,0.0
2025-02-13,S08,West,0.0
2025-07-05,S05,East,46.2
2025-09-19,S08,West,19.4
2025-04-17,S06,West,0.0
2025-01-29,S02,North,0.0
2025-12-31,S08,West,0.0
2025-05-14,S11,South,0.0
2025-07-05,S07,West,51.8
2025-09-03,S08,West,14.7
2025-10-08,S01,North,16.2
2025-08-06,S01,North,0.0
2025-01-05,S08,West,0.0
2025-09-11,S03,East,0.0
2025-07-09,S01,North,0.0
2025-03-06,S10,Central,0.0
2025-07-08,S02,North,0.0
2025-08-08,S10,Central,0.0
2025-12-27,S06,West,34.0
2025-05-03,S11,South,12.7
2025-03-22,S04,East,0.0
2025-07-03,S11,South,0.0
2025-01-24,S06,West,0.0
2025-01-08,S05,East,0.0
2025-08-03,S09,Central,0.0
2025-07-22,S09,Central,0.0
2025-03-13,S12,South,4.0
2025-01-10,S03,East,87.3
2025-03-27,S05,East,0.0
2025-09-24,S10,Central,0.0
2025-04-25,S05,East,8.5
2025-10-29,S02,North,0.0
2025-10-16,S08,West,0.0
2025-09-24,S02,North,0.0
2025-04-14,S09,Central,0.0
2025-07-14,S11,South,0.0
2025-06-08,S11,South,0.0
2025-08-16,S06,West,0.0
2025-01-13,S01,North,7.8
2025-05-01,S02,North,0.0
2025-09-25,S12,South,8.1
2025-11-03,S04,East,5.5
2025-12-23,S08,West,20.8
2025-01-01,S10,Central,0.0
2025-07-17,S09,Central,0.9
2025-01-13,S06,West,4.5
2025-12-18,S10,Central,0.0
2025-08-02,S09,Central,0.0
2025-08-26,S09,Central,0.0
2025-01-10,S12,South,56.6
2025-02-20,S08,West,12.1
2025-02-28,S10,Central,0.0
2025-12-19,S10,Central,0.0
2025-04-25,S11,South,12.5
2025-04-30,S10,Central,24.0
2025-06-08,S01,North,0.0
2025-06-29,S12,South,1.5
2025-05-09,S07,West,0.0
2025-11-02,S11,South,16.3
2025-05-11,S05,East,0.0
2025-08-17,S07,West,5.7
2025-06-01,S07,West,0.0
2025-10-14,S11,South,55.5
2025-03-17,S04,East,0.3
2025-07-29,S04,East,42.6
2025-06-27,S11,South,0.0
2025-08-15,S01,North,0.0
2025-09-04,S09,Central,21.2
2025-03-19,S08,West,0.0
2025-07-23,S12,South,7.1
2025-01-02,S05,East,7.0
2025-05-03,S09,Central,20.1
2025-03-03,S12,South,21.3
2025-02-28,S10,Central,0.0
2025-05-15,S10,Central,4.7
2025-01-09,S06,West,0.0
2025-12-04,S08,West,20.0
2025-09-15,S08,West,0.0
2025-01-27,S12,South,0.6
2025-04-26,S07,West,0.0
2025-10-29,S09,Central,0.0
2025-12-09,S02,North,5.6
2025-12-16,S11,South,0.0
2025-12-25,S08,West,0.0
2025-08-18,S10,Central,0.0
2025-05-15,S05,East,9.2
2025-04-22,S07,West,0.0
2025-05-04,S04,East,0.0
2025-06-30,S04,East,7.7
2025-11-05,S12,South,62.9
2025-02-16,S10,Central,7.8
2025-11-29,S11,South,22.3
2025-07-24,S09,Central,24.1
2025-11-23,S01,North,0.0
2025-06-15,S05,East,0.0
2025-04-22,S02,North,0.0
2025-06-21,S06,West,0.0
2025-02-05,S07,West,37.4
2025-02-17,S12,South,0.0
2025-01-18,S07,West,42.7
2025-07-03,S08,West,0.0
2025-03-19,S10,Central,0.0
2025-03-18,S05,East,0.0
2025-02-23,S09,Central,71.3
2025-06-08,S02,North,0.0
2025-02-14,S05,East,0.0
2025-07-23,S01,North,9.1
2025-03-25,S07,West,0.0
2025-01-01,S03,East,0.0
2025-07-09,S08,West,0.0
2025-02-19,S09,Central,0.0
2025-08-01,S04,East,22.3
2025-09-25,S03,East,10.0
2025-07-03,S10,Central,0.0
2025-09-10,S01,North,0.0
2025-04-11,S01,North,3.5
2025-01-21,S10,Central,0.6
2025-04-01,S03,East,53.7
2025-01-22,S03,East,0.0
2025-09-30,S08,West,0.0
2025-05-04,S02,North,0.0
2025-01-13,S10,Central,3.6
2025-09-07,S05,East,0.0
2025-03-09,S06,West,0.0
2025-02-13,S09,Central,0.0
2025-11-08,S02,North,0.0
2025-03-02,S08,West,2.9
2025-02-23,S06,West,88.4
2025-04-22,S10,Central,0.0
2025-10-20,S11,South,0.0
2025-06-28,S08,West,0.0
2025-11-15,S07,West,0.0
2025-05-16,S09,Central,0.0
2025-05-29,S05,East,0.0
2025-08-31,S10,Central,6.4
2025-07-07,S09,Central,0.0
2025-09-08,S10,Central,0.0
2025-09-06,S03,East,37.4
2025-08-13,S01,North,1.8
2025-05-14,S06,West,0.0
2025-02-14,S03,East,0.0
2025-03-21,S06,West,0.0
2025-11-06,S10,Central,0.0
2025-02-21,S08,West,0.0
2025-06-22,S01,North,2.5
2025-10-16,S06,West,0.0
2025-02-25,S12,South,0.0
2025-04-21,S01,North,1.5
2025-08-07,S11,South,0.0
2025-12-03,S01,North,0.0
2025-01-16,S06,West,18.9
2025-05-06,S02,North,0.0
2025-09-05,S09,Central,1.6
2025-04-29,S09,Central,0.0
2025-08-20,S04,East,0.0
2025-01-24,S08,West,0.0
2025-04-16,S04,East,28.2
2025-09-10,S11,South,0.0
2025-06-29,S10,Central,1.3
2025-09-08,S04,East,0.0
2025-01-25,S01,North,16.8
2025-11-27,S02,North,16.9
2025-06-20,S05,East,5.2
2025-04-07,S11,South,0.0
2025-01-24,S10,Central,0.0
2025-09-15,S11,South,0.0
2025-07-26,S04,East,0.0
2025-11-06,S03,East,0.0
2025-07-04,S01,North,0.0
2025-09-16,S08,West,1.3
2025-04-05,S03,East,0.0
2025-01-22,S02,North,2.7
2025-03-12,S08,West,5.3
2025-01-09,S01,North,0.0
2025-04-17,S09,Central,9.9
2025-11-22,S04,East,2.6
2025-12-23,S02,North,14.8
2025-11-25,S05,East,1.9
2025-04-14,S02,North,0.0
2025-06-18,S07,West,1.0
2025-06-21,S02,North,0.0
2025-12-26,S05,East,63.6
2025-06-25,S08,West,0.0
2025-12-08,S01,North,17.4
2025-08-17,S08,West,8.2
2025-11-25,S07,West,0.0
2025-03-26,S09,Central,3.3
2025-12-12,S05,East,49.8
2025-02-23,S08,West,118.6
2025-04-15,S12,South,46.2
2025-03-19,S02,North,0.0
2025-02-24,S01,North,0.0
2025-08-19,S07,West,0.0
2025-01-05,S12,South,0.0
2025-11-16,S11,South,0.0
2025-12-21,S02,North,2.8
2025-02-25,S03,East,0.0
2025-02-05,S04,East,0.0
2025-08-23,S05,East,5.2
2025-12-19,S02,North,0.0
2025-07-30,S04,East,0.0
2025-05-28,S07,West,0.0
2025-04-03,S12,South,0.1
2025-01-30,S06,West,0.0
2025-09-30,S07,West,0.0
2025-06-12,S06,West,13.3
2025-07-24,S08,West,0.0
2025-08-26,S11,South,0.0
2025-10-04,S04,East,0.0
2025-07-20,S11,South,0.0
2025-02-03,S04,East,0.0
2025-07-10,S03,East,4.4
2025-01-11,S05,East,2.3
2025-03-30,S12,South,11.5
2025-07-27,S12,South,0.0
2025-01-05,S03,East,0.0
2025-04-29,S03,East,0.0
2025-05-01,S05,East,0.0
2025-09-20,S03,East,0.0
2025-03-01,S11,South,0.0
2025-01-22,S11,South,0.0
2025-03-14,S07,West,9999.0
2025-06-15,S12,South,0.0
2025-12-04,S10,Central,7.8
2025-09-29,S05,East,0.0
2025-01-30,S11,South,0.0
2025-05-22,S01,North,11.5
2025-07-27,S10,Central,0.0
2025-09-05,S02,North,4.2
2025-12-06,S04,East,29.1
2025-10-25,S06,West,0.0
2025-05-20,S10,Central,0.0
2025-07-21,S06,West,7.0
2025-07-23,S04,East,14.0
2025-07-23,S02,North,9.5
2025-04-17,S08,West,0.0
2025-05-08,S07,West,0.0
2025-05-13,S03,East,24.3
2025-11-11,S05,East,0.0
2025-07-15,S10,Central,0.0
2025-01-06,S06,West,7.7
2025-09-17,S10,Central,0.0
2025-09-23,S04,East,0.0
2025-07-09,S12,South,38.6
2025-01-05,S06,West,0.0
2025-05-05,S08,West,0.0
2025-01-27,S07,West,1.1
2025-09-18,S10,Central,0.0
2025-05-28,S06,West,0.0
2025-05-30,S04,East,0.2
2025-04-09,S06,West,5.7
2025-02-07,S05,East,0.0
2025-09-20,S12,South,0.0
2025-10-30,S05,East,7.1
2025-04-26,S03,East,0.0
2025-08-26,S02,North,0.0
2025-11-26,S12,South,26.7
2025-09-21,S08,West,0.0
2025-08-20,S05,East,10.0
2025-11-10,S05,East,16.6
2025-04-19,S01,North,0.0
2025-09-14,S09,Central,0.0
2025-09-06,S11,South,24.8
2025-06-25,S12,South,0.0
2025-02-28,S02,North,7.5
2025-06-02,S10,Central,0.0
2025-09-12,S04,East,0.0
2025-04-09,S03,East,32.9
2025-06-01,S01,North,0.0
2025-12-21,S04,East,0.0
2025-11-16,S08,West,0.0
2025-10-30,S08,West,8.5
2025-05-17,S05,East,23.9
2025-02-06,S01,North,0.0
2025-12-20,S12,South,0.0
2025-10-03,S08,West,19.0
2025-02-02,S02,North,5.8
2025-10-03,S03,East,7.8
2025-06-16,S01,North,0.0
2025-07-19,S03,East,4.2
2025-07-26,S12,South,0.0
2025-02-27,S05,East,0.0
2025-06-27,S04,East,0.0
2025-06-04,S06,West,11.1
2025-08-12,S02,North,1.3
2025-05-23,S01,North,0.0
2025-07-12,S04,East,19.9
2025-02-18,S03,East,0.0
2025-07-19,S12,South,3.2
2025-03-28,S02,North,3.2
2025-06-14,S06,West,0.0
2025-09-12,S05,East,0.0
2025-01-30,S12,South,0.0
2025-02-03,S11,South,0.0
2025-05-27,S09,Central,0.0
2025-08-26,S01,North,0.0
2025-09-17,S03,East,0.0
2025-11-23,S04,East,0.0
2025-03-20,S10,Central,1.4
2025-07-31,S09,Central,0.0
2025-10-19,S03,East,0.0
2025-12-18,S09,Central,0.0
2025-12-25,S09,Central,0.0
2025-05-30,S10,Central,0.1
2025-07-29,S09,Central,30.6
2025-04-04,S11,South,0.0
2025-10-07,S07,West,15.8
2025-12-26,S10,Central,64.4
2025-09-01,S07,West,0.0
2025-09-23,S12,South,0.0
2025-05-22,S06,West,18.3
2025-07-31,S07,West,0.0
2025-09-24,S07,West,0.0
2025-11-14,S07,West,1.5
2025-03-15,S03,East,0.0
2025-09-18,S02,North,0.0
2025-06-04,S10,Central,7.4
2025-06-28,S04,East,0.0
2025-06-05,S04,East,1.7
2025-02-03,S10,Central,0.0
2025-05-06,S03,East,0.0
2025-11-09,S10,Central,0.0
2025-04-23,S11,South,5.5
2025-11-09,S08,West,0.0
2025-09-19,S05,East,55.8
2025-03-16,S07,West,0.0
2025-03-18,S04,East,0.0
2025-04-23,S12,South,0.0
2025-04-04,S06,West,0.0
2025-04-22,S09,Central,0.0
2025-04-07,S12,South,0.0
2025-06-01,S05,East,0.0
2025-05-27,S12,South,0.0
2025-08-08,S04,East,0.0
2025-03-17,S03,East,0.5
2025-01-31,S05,East,0.0
2025-08-18,S03,East,0.0
2025-08-09,S12,South,0.0
2025-07-05,S01,North,39.3
2025-11-17,S10,Central,0.0
2025-02-07,S01,North,0.0
2025-05-11,S04,East,0.0
2025-04-07,S01,North,0.0
2025-11-30,S11,South,0.0
2025-03-13,S01,North,5.7
2025-09-17,S09,Central,0.0
2025-07-07,S06,West,0.0
2025-11-20,S08,West,0.0
2025-10-23,S11,South,0.0
2025-11-01,S02,North,11.3
2025-04-10,S07,West,3.2
2025-09-29,S10,Central,0.0
2025-12-25,S05,East,0.0
2025-04-01,S10,Central,19.4
2025-07-06,S05,East,0.0
2025-08-06,S07,West,0.0
2025-04-07,S08,West,0.0
2025-03-08,S07,West,4.2
2025-06-01,S12,South,0.0
2025-04-29,S08,West,0.0
2025-11-26,S04,East,24.3
2025-04-29,S11,South,0.0
2025-09-21,S03,East,0.0
2025-10-12,S05,East,12.8
2025-12-11,S07,West,0.0
2025-03-05,S08,West,8.4
2025-03-20,S01,North,2.0
2025-06-16,S12,South,0.0
2025-02-26,S10,Central,0.0
2025-11-16,S05,East,0.0
2025-04-26,S08,West,0.0
2025-03-27,S11,South,0.0
2025-07-28,S07,West,0.0
2025-08-02,S03,East,0.0
2025-05-16,S10,Central,1.2
2025-05-15,S08,West,8.0
2025-08-19,S08,West,0.0
2025-08-30,S01,North,2.3
2025-08-08,S06,West,0.0
2025-02-19,S12,South,0.0
2025-06-11,S02,North,0.0
2025-03-08,S06,West,2.0
2025-04-07,S06,West,0.0
2025-10-07,S06,West,15.3
2025-01-19,S08,West,21.7
2025-11-27,S06,West,32.8
2025-06-02,S06,West,0.0
2025-12-30,S10,Central,0.1
2025-02-01,S12,South,0.0
2025-03-25,S01,North,0.0
2025-03-06,S02,North,0.0
2025-12-14,S12,South,0.0
2025-08-20,S12,South,0.0
2025-02-19,S11,South,0.0
2025-09-09,S03,East,0.0
2025-02-20,S07,West,10.7
2025-07-10,S05,East,4.5
2025-01-30,S03,East,0.0
2025-12-12,S12,South,4.6
2025-03-07,S05,East,0.0
2025-12-05,S01,North,18.5
2025-01-27,S01,North,2.4
2025-05-05,S06,West,0.0
2025-09-13,S08,West,6.8
2025-10-11,S05,East,0.0
2025-10-24,S10,Central,0.0
2025-11-17,S01,North,0.0
2025-01-01,S01,North,0.0
2025-09-23,S06,West,0.0
2025-08-05,S03,East,1.2
2025-10-26,S09,Central,10.4
2025-02-12,S02,North,0.0
2025-02-06,S04,East,0.0
2025-04-30,S12,South,16.4
2025-08-25,S04,East,0.0
2025-07-15,S09,Central,0.0
2025-05-24,S04,East,0.0
2025-09-13,S02,North,18.6
2025-03-10,S10,Central,2.9
2025-01-21,S03,East,0.6
2025-06-19,S06,West,0.0
2025-11-14,S09,Central,0.1
2025-10-10,S07,West,0.0
2025-12-28,S08,West,41.9
2025-08-31,S12,South,4.9
2025-10-12,S04,East,6.7
2025-08-01,S02,North,20.2
2025-06-18,S11,South,0.7
2025-12-14,S04,East,0.0
2025-12-23,S05,East,25.3
2025-02-11,S10,Central,9.7
2025-07-08,S09,Central,0.0
2025-10-14,S08,West,44.2
2025-09-28,S01,North,0.0
2025-06-20,S01,North,10.5
2025-08-04,S07,West,5.3
2025-08-08,S08,West,0.0
2025-08-24,S10,Central,18.4
2025-09-20,S07,West,4.9
2025-02-22,S06,West,24.9
2025-11-24,S08,West,0.8
2025-11-06,S02,North,0.0
2025-10-29,S12,South,0.0
2025-11-10,S02,North,12.8
2025-07-14,S12,South,0.0
2025-03-25,S05,East,0.0
2025-01-20,S01,North,17.7
2025-08-16,S04,East,0.0
2025-03-16,S09,Central,0.0
2025-04-21,S08,West,1.7
2025-10-12,S08,West,9.0
2025-10-02,S12,South,0.0
2025-10-28,S10,Central,7.2
2025-04-19,S09,Central,23.0
2025-05-14,S10,Central,0.0
2025-08-31,S08,West,9.1
2025-06-12,S08,West,13.2
2025-09-11,S01,North,0.0
2025-03-02,S09,Central,3.7
2025-09-01,S06,West,0.0
2025-03-24,S07,West,0.0
2025-05-16,S12,South,0.0
2025-12-02,S05,East,6.3
2025-06-24,S07,West,0.0
2025-10-23,S01,North,0.0
2025-01-23,S04,East,0.0
2025-02-23,S01,North,90.7
2025-05-14,S12,South,0.0
2025-11-01,S04,East,3.9
2025-01-09,S09,Central,0.0
2025-07-11,S01,North,3.1
2025-06-17,S07,West,0.0
2025-11-05,S06,West,51.4
2025-09-04,S04,East,17.0
2025-10-29,S01,North,0.0
2025-01-01,S02,North,4.2
2025-05-03,S06,West,24.0
2025-04-13,S01,North,0.0
2025-06-01,S10,Central,0.0
2025-01-15,S03,East,0.0
2025-10-07,S08,West,20.3
2025-04-13,S08,West,0.0
2025-03-20,S11,South,2.6
2025-05-17,S11,South,24.8
2025-01-24,S09,Central,0.0
2025-07-20,S06,West,0.0
2025-11-13,S06,West,2.9
2025-12-28,S05,East,94.0
2025-11-09,S12,South,0.0
2025-02-09,S10,Central,2.0
2025-03-16,S05,East,0.0
2025-02-20,S09,Central,9.6
2025-06-08,S04,East,1.2
2025-01-10,S02,North,67.0
2025-06-15,S04,East,0.0
2025-06-29,S02,North,0.8
2025-10-31,S04,East,7.1
2025-10-19,S01,North,0.0
2025-04-12,S10,Central,1.3
2025-03-11,S12,South,0.0
2025-01-25,S02,North,7.0
2025-04-02,S03,East,0.0
2025-05-12,S12,South,18.1
2025-04-02,S07,West,0.0
2025-09-05,S01,North,1.9
2025-11-03,S12,South,3.6
2025-05-16,S04,East,0.0
2025-08-26,S06,West,0.0
2025-02-23,S10,Central,101.1
2025-09-26,S09,Central,0.0
2025-08-03,S01,North,0.0
2025-10-14,S03,East,55.8
2025-05-18,S12,South,0.0
2025-02-15,S02,North,0.0
2025-05-05,S11,South,0.0
2025-01-12,S10,Central,26.2
2025-05-29,S12,South,0.0
2025-02-20,S10,Central,12.4
2025-04-13,S03,East,0.0
2025-06-29,S01,North,1.0
2025-11-22,S02,North,1.4
2025-11-08,S09,Central,0.0
2025-04-16,S02,North,25.1
2025-12-06,S02,North,12.9
2025-04-24,S08,West,0.0
2025-01-28,S10,Central,9.0
2025-08-01,S07,West,31.6
2025-02-03,S09,Central,0.0
2025-10-31,S06,West,15.0
2025-04-10,S10,Central,21.3
2025-12-24,S02,North,0.7
2025-01-28,S04,East,14.6
2025-12-30,S09,Central,0.1
2025-01-30,S05,East,0.0
2025-07-03,S12,South,0.0
2025-05-24,S06,West,0.0
2025-10-05,S06,West,2.9
2025-03-05,S01,North,11.3
2025-02-09,S03,East,7.4
2025-06-24,S08,West,0.0
2025-11-29,S05,East,14.9
2025-11-21,S01,North,0.0
2025-03-31,S03,East,11.9
2025-02-20,S03,East,27.4
2025-07-27,S07,West,0.0
2025-08-25,S06,West,0.9
2025-12-14,S11,South,0.0
2025-07-23,S07,West,6.8
2025-01-23,S03,East,0.0
2025-01-20,S04,East,9.1
2025-04-30,S09,Central,14.1
2025-04-24,S12,South,0.0
2025-11-08,S03,East,0.0
2025-07-08,S04,East,0.0
2025-10-31,S10,Central,10.2
2025-12-30,S01,North,0.1
2025-05-10,S11,South,0.0
2025-12-18,S02,North,0.0
2025-03-29,S04,East,0.0
2025-04-27,S04,East,12.2
2025-12-27,S12,South,17.2
2025-11-12,S04,East,6.6
2025-06-27,S07,West,0.0
2025-02-16,S10,Central,7.8
2025-02-01,S11,South,0.0
2025-07-05,S02,North,29.2
2025-06-03,S07,West,9999.0
2025-03-21,S11,South,0.0
2025-01-20,S03,East,23.4
2025-02-01,S07,West,0.0
2025-07-29,S05,East,62.1
2025-09-10,S09,Central,0.0
2025-12-25,S02,North,0.0
2025-07-05,S09,Central,31.1
2025-08-15,S06,West,0.0
2025-04-07,S10,Central,0.0
2025-07-28,S12,South,0.0
2025-08-10,S10,Central,2.6
2025-03-03,S11,South,20.8
2025-04-23,S03,East,0.0
2025-04-20,S07,West,10.5
2025-01-21,S01,North,3.6
2025-06-24,S09,Central,0.0
2025-05-30,S03,East,0.4
2025-08-28,S08,West,0.0
2025-06-21,S08,West,0.0
2025-07-28,S11,South,0.0
2025-11-25,S06,West,0.0
2025-12-03,S05,East,0.0
2025-05-14,S03,East,0.0
2025-09-02,S08,West,1.5
2025-02-28,S11,South,0.0
2025-07-27,S01,North,0.0
2025-12-21,S01,North,0.0
2025-08-10,S03,East,1.7
2025-09-29,S12,South,0.0
2025-09-17,S11,South,0.0
2025-07-04,S12,South,0.0
2025-06-05,S05,East,2.7
2025-11-07,S11,South,0.5
2025-11-18,S09,Central,0.0
2025-11-22,S06,West,1.3
2025-04-01,S06,West,22.2
2025-01-26,S04,East,37.0
2025-12-07,S05,East,3.3
2025-04-22,S04,East,0.0
2025-02-28,S01,North,0.0
2025-10-06,S04,East,0.0
2025-06-19,S10,Central,0.0
2025-08-01,S09,Central,14.4
2025-05-05,S07,West,0.0
2025-10-07,S02,North,22.3
2025-07-10,S04,East,4.0
2025-04-08,S08,West,0.0
2025-04-21,S09,Central,2.4
2025-11-24,S07,West,0.6
2025-02-12,S05,East,0.0
2025-08-01,S12,South,13.1
2025-01-01,S05,East,0.0
2025-02-07,S04,East,0.0
2025-04-03,S06,West,0.1
2025-06-21,S10,Central,0.0
2025-11-09,S09,Central,0.0
2025-04-10,S08,West,2.5
2025-04-11,S05,East,5.0
2025-10-14,S10,Central,33.9
2025-06-28,S07,West,0.0
2025-08-18,S11,South,0.0
2025-07-18,S08,West,0.7
2025-10-31,S09,Central,12.4
2025-11-01,S06,West,5.1
2025-01-21,S04,East,0.9
2025-11-14,S04,East,0.2
2025-05-28,S01,North,0.0
2025-04-06,S09,Central,0.3
2025-08-08,S11,South,0.0
2025-06-01,S02,North,0.0
2025-09-30,S12,South,0.0
2025-11-12,S11,South,5.3
2025-01-22,S06,West,0.0
2025-04-27,S11,South,0.0
2025-07-04,S06,West,0.0
2025-08-11,S10,Central,0.0
2025-03-29,S02,North,0.0
2025-01-06,S05,East,10.8
2025-02-20,S04,East,10.2
2025-10-29,S07,West,0.0
2025-10-27,S12,South,0.0
2025-04-08,S06,West,0.0
2025-07-12,S01,North,14.0
2025-12-01,S05,East,24.3
2025-11-05,S08,West,68.9
2025-12-21,S06,West,0.0
2025-01-04,S05,East,0.0
2025-11-05,S03,East,96.1
2025-10-29,S10,Central,0.0
2025-01-04,S10,Central,0.0
2025-12-25,S06,West,0.0
2025-10-03,S11,South,10.5
2025-06-03,S10,Central,9.8
2025-11-30,S09,Central,0.0
2025-12-08,S11,South,16.7
2025-09-13,S04,East,22.1
2025-09-19,S02,North,19.6
2025-06-24,S11,South,0.0
2025-12-03,S11,South,0.0
2025-02-16,S07,West,12.8
2025-02-21,S04,East,0.0
2025-03-21,S12,South,4.1
2025-05-11,S06,West,0.0
2025-01-16,S09,Central,17.8
2025-09-02,S03,East,3.2
2025-12-10,S10,Central,0.0
2025-08-28,S09,Central,0.0
2025-09-30,S06,West,0.0
2025-06-19,S11,South,0.0
2025-05-13,S06,West,16.6
2025-05-31,S01,North,0.0
2025-03-28,S11,South,3.3
2025-03-26,S07,West,5.0
2025-12-10,S12,South,0.0
2025-07-15,S08,West,0.0
2025-11-06,S01,North,0.0
2025-12-31,S04,East,0.0
2025-07-12,S11,South,18.0
2025-04-30,S02,North,16.1
2025-01-20,S12,South,17.0
2025-01-03,S02,North,0.0
2025-08-30,S06,West,2.4
2025-07-12,S07,West,14.4
2025-10-12,S02,North,5.0
2025-07-18,S07,West,0.9
2025-03-27,S08,West,0.0
2025-03-18,S02,North,2.0
2025-06-30,S05,East,0.0
2025-03-29,S07,West,0.0
2025-06-16,S03,East,0.0
2025-03-25,S09,Central,3.9
2025-05-09,S05,East,0.0
2025-12-23,S04,East,11.7
2025-12-25,S10,Central,0.0
2025-04-12,S05,East,2.2
2025-03-21,S07,West,0.0
2025-04-23,S10,Central,0.0
2025-06-18,S04,East,1.5
2025-01-15,S09,Central,0.0
2025-01-03,S10,Central,0.0
2025-08-22,S10,Central,0.0
2025-08-04,S03,East,2.0
2025-09-22,S11,South,0.0
2025-12-09,S01,North,8.5
2025-03-14,S01,North,0.7
2025-08-16,S10,Central,0.0
2025-10-07,S12,South,25.4
2025-04-04,S02,North,0.0
2025-09-22,S03,East,0.0
2025-02-02,S03,East,8.5
2025-04-25,S10,Central,11.6
2025-03-31,S01,North,9.8
2025-09-25,S08,West,19.9
2025-06-23,S01,North,11.6
2025-01-18,S01,North,71.9
2025-09-26,S12,South,0.0
2025-11-18,S05,East,1.7
2025-10-25,S09,Central,0.0
2025-10-03,S05,East,19.6
2025-06-14,S09,Central,0.0
2025-03-16,S03,East,6.8
2025-06-22,S09,Central,1.1
2025-06-30,S03,East,0.0
2025-09-11,S08,West,0.0
2025-03-21,S04,East,0.0
2025-04-13,S10,Central,0.0
2025-03-30,S10,Central,17.9
2025-05-04,S10,Central,0.0
2025-08-21,S09,Central,0.0
2025-04-19,S03,East,0.0
2025-01-10,S04,East,95.4
2025-06-13,S12,South,0.0
2025-08-27,S04,East,0.0
2025-02-21,S11,South,0.0
2025-05-15,S03,East,8.5
2025-07-14,S09,Central,0.0
2025-10-21,S05,East,10.6
2025-04-19,S10,Central,0.0
2025-05-31,S08,West,1.4
2025-09-24,S09,Central,0.0
2025-05-06,S06,West,0.0
2025-10-26,S01,North,13.4
2025-08-12,S11,South,0.5
2025-11-09,S11,South,0.0
2025-09-03,S04,East,12.3
2025-09-24,S01,North,0.0
2025-08-14,S06,West,0.0
2025-11-17,S07,West,0.0
2025-01-07,S06,West,72.9
2025-05-04,S05,East,0.0
2025-01-14,S04,East,21.9
2025-10-27,S03,East,0.0
2025-08-19,S10,Central,0.0
2025-09-20,S06,West,0.0
2025-02-03,S02,North,0.0
2025-03-17,S10,Central,0.5
2025-10-27,S06,West,0.0
2025-05-17,S06,West,10.7
2025-12-13,S08,West,18.8
2025-04-01,S09,Central,8.0
2025-07-16,S05,East,0.0
2025-10-09,S01,North,20.3
2025-05-29,S09,Central,0.0
2025-10-30,S07,West,10.5
2025-01-31,S02,North,0.0
2025-04-05,S01,North,0.0
2025-01-31,S09,Central,0.0
2025-12-16,S08,West,0.0
2025-01-08,S06,West,0.0
2025-09-12,S11,South,0.0
2025-06-08,S06,West,0.0
2025-07-16,S10,Central,0.0
2025-09-11,S09,Central,0.0
2025-05-05,S10,Central,0.0
2025-05-20,S02,North,0.0
2025-01-29,S08,West,0.0
2025-07-25,S12,South,0.0
2025-05-10,S05,East,0.0
2025-06-04,S07,West,13.3
2025-06-09,S12,South,0.0
2025-10-24,S07,West,0.0
2025-04-12,S07,West,1.7
2025-11-20,S07,West,0.0
2025-06-01,S03,East,0.0
2025-02-27,S10,Central,0.0
2025-08-30,S09,Central,3.0
2025-01-19,S05,East,15.6
2025-03-17,S06,West,0.3
2025-10-24,S02,North,0.0
2025-07-09,S05,East,0.0
2025-01-12,S11,South,25.5
2025-08-24,S08,West,30.4
2025-01-13,S08,West,2.8
2025-12-12,S10,Central,4.7
2025-11-14,S01,North,0.1
2025-10-01,S04,East,0.0
2025-12-15,S08,West,0.0
2025-10-31,S08,West,9.4
2025-08-06,S03,East,0.0
2025-08-06,S10,Central,0.0
2025-06-24,S05,East,0.0
2025-02-10,S03,East,9.4
2025-05-10,S04,East,0.0
2025-09-23,S02,North,3.1
2025-01-08,S09,Central,0.0
2025-08-03,S08,West,0.0
2025-04-12,S08,West,2.0
2025-07-21,S05,East,6.9
2025-02-27,S08,West,0.0
2025-10-13,S10,Central,0.1
2025-11-26,S05,East,26.7
2025-08-02,S08,West,10.0
2025-05-25,S08,West,0.0
2025-04-10,S06,West,1.0
2025-07-11,S08,West,4.0
2025-04-24,S11,South,0.0
2025-05-26,S06,West,0.5
2025-10-15,S01,North,6.1
2025-10-18,S10,Central,0.0
2025-01-14,S12,South,47.0
2025-03-10,S12,South,0.0
2025-11-16,S07,West,0.0
2025-03-03,S04,East,18.0
2025-06-26,S04,East,3.9
2025-01-24,S07,West,0.0
2025-06-10,S02,North,18.1
2025-01-01,S11,South,0.0
2025-06-22,S07,West,1.5
2025-05-22,S02,North,25.4
2025-11-28,S12,South,4.1
2025-10-12,S06,West,6.1
2025-06-25,S04,East,0.0
2025-01-03,S07,West,0.0
2025-10-10,S05,East,0.0
2025-03-06,S11,South,0.0
2025-08-02,S05,East,0.0
2025-08-05,S04,East,0.6
2025-02-06,S11,South,0.0
2025-05-28,S03,East,0.0
2025-05-28,S08,West,0.0
2025-05-20,S11,South,0.0
2025-01-14,S01,North,48.4
2025-04-27,S02,North,0.0
2025-03-24,S11,South,0.0
2025-03-11,S10,Central,0.0
2025-11-13,S10,Central,2.9
2025-09-04,S08,West,30.4
2025-01-03,S10,Central,0.0
2025-05-08,S03,East,0.0
2025-02-16,S01,North,15.3
2025-05-30,S08,West,0.2
2025-06-19,S03,East,0.0
2025-10-20,S03,East,0.0
2025-08-21,S01,North,14.6
2025-08-16,S11,South,0.0
2025-04-12,S12,South,0.9
2025-07-02,S12,South,0.0
2025-11-07,S12,South,0.4
2025-08-30,S08,West,5.5
2025-05-10,S07,West,0.0
2025-08-14,S12,South,0.0
2025-04-28,S04,East,0.0
2025-07-24,S01,North,0.0
2025-10-22,S09,Central,2.1
2025-04-14,S11,South,0.0
2025-03-29,S11,South,0.0
2025-04-25,S04,East,17.8
2025-07-07,S05,East,0.0
2025-06-15,S10,Central,0.0
2025-04-02,S06,West,0.0
2025-02-27,S10,Central,0.0
2025-12-01,S10,Central,9.3
2025-09-14,S02,North,0.0
2025-04-09,S12,South,12.3
2025-01-26,S07,West,49.5
2025-06-07,S08,West,0.0
2025-12-31,S01,North,0.0
2025-06-03,S12,South,0.0
2025-08-03,S10,Central,0.0
2025-09-02,S04,East,1.8
2025-07-30,S10,Central,0.0
2025-04-27,S07,West,0.0
2025-09-20,S11,South,0.0
2025-11-03,S03,East,3.8
2025-08-29,S05,East,41.5
2025-07-10,S07,West,3.3
2025-03-20,S07,West,1.0
2025-02-21,S07,West,0.0
2025-08-09,S01,North,0.0
2025-02-05,S10,Central,2.0
2025-05-10,S09,Central,0.0
2025-06-25,S07,West,0.0
2025-04-19,S12,South,0.0
2025-08-18,S06,West,0.0
2025-02-09,S01,North,2.8
2025-05-25,S04,East,0.0
2025-01-14,S07,West,70.3
2025-05-18,S08,West,0.0
2025-07-18,S02,North,0.4
2025-04-03,S09,Central,0.1
2025-08-05,S12,South,1.2
2025-08-27,S08,West,0.0
2025-06-07,S02,North,0.0
2025-08-14,S09,Central,0.0
2025-04-05,S08,West,0.0
2025-03-19,S07,West,0.0
2025-11-02,S08,West,32.7
2025-12-31,S12,South,0.0
2025-01-06,S09,Central,6.9
2025-05-26,S09,Central,0.4
2025-02-18,S10,Central,0.0
2025-07-31,S02,North,0.0
2025-08-26,S05,East,0.0
2025-10-16,S12,South,0.9
2025-07-02,S06,West,0.0
2025-06-18,S12,South,2.2
2025-01-31,S11,South,0.0
2025-08-11,S05,East,0.0
2025-08-15,S04,East,0.0
2025-02-08,S06,West,0.0
2025-01-26,S03,East,44.9
2025-10-07,S04,East,20.9
2025-10-02,S02,North,0.0
2025-07-25,S10,Central,0.0
2025-02-13,S01,North,0.0
2025-01-08,S01,North,0.0
2025-03-05,S11,South,9.3
2025-01-26,S12,South,33.2
2025-04-17,S02,North,0.0
2025-02-26,S02,North,0.0
2025-02-05,S09,Central,0.0
2025-10-17,S02,North,0.0
2025-06-11,S07,West,0.0
2025-07-27,S11,South,0.0
2025-10-09,S07,West,16.3
2025-04-10,S02,North,1.7
2025-12-30,S07,West,0.1
2025-10-06,S05,East,6.9
2025-10-31,S03,East,30.4
2025-09-25,S10,Central,21.4
2025-01-16,S10,Central,16.9
2025-03-07,S01,North,0.0
2025-03-01,S08,West,0.0
2025-01-20,S05,East,11.1
2025-06-15,S08,West,0.0
2025-05-17,S08,West,18.8
2025-11-05,S09,Central,75.6
2025-11-11,S06,West,0.0
2025-09-23,S03,East,0.0
2025-12-30,S11,South,0.1
2025-10-28,S09,Central,5.3
2025-01-03,S06,West,0.0
2025-11-28,S06,West,6.0
2025-04-14,S07,West,0.0
2025-02-12,S09,Central,0.0
2025-05-10,S01,North,0.0
2025-11-23,S09,Central,0.0
2025-04-30,S03,East,36.1
2025-08-02,S07,West,0.0
2025-01-08,S08,West,0.0
2025-10-17,S08,West,0.0
2025-12-08,S12,South,30.7
2025-12-23,S12,South,17.3
2025-08-27,S12,South,0.0
2025-05-25,S06,West,0.0
2025-10-21,S09,Central,4.1
2025-03-11,S09,Central,0.0
2025-09-18,S12,South,0.0
2025-11-21,S06,West,0.0
2025-06-07,S09,Central,0.0
2025-04-11,S12,South,3.2
2025-12-11,S08,West,0.0
2025-03-10,S05,East,0.0
2025-09-24,S11,South,0.0
2025-01-18,S02,North,49.8
2025-10-19,S07,West,0.0
2025-02-17,S11,South,2.6
2025-02-07,S12,South,0.0
2025-10-01,S12,South,0.0
2025-11-29,S10,Central,10.2
2025-07-13,S02,North,0.0
2025-04-16,S03,East,22.0
2025-01-30,S01,North,0.0
2025-04-09,S02,North,9.3
2025-08-05,S08,West,2.0
2025-07-06,S03,East,0.0
2025-02-17,S06,West,0.0
2025-09-09,S04,East,0.0
2025-10-23,S08,West,0.0
2025-01-30,S08,West,0.0
2025-06-02,S12,South,0.0
2025-06-03,S02,North,0.0
2025-05-14,S07,West,0.0
2025-04-05,S06,West,0.0
2025-09-16,S07,West,1.6
2025-08-19,S02,North,0.0
2025-04-15,S02,North,0.0
2025-02-03,S08,West,0.0
2025-12-11,S09,Central,0.0
2025-10-13,S09,Central,0.1
2025-05-22,S05,East,29.8
2025-04-08,S01,North,0.0
2025-03-11,S07,West,25.1
2025-04-13,S07,West,0.0
2025-06-18,S09,Central,1.5
2025-10-26,S06,West,19.5
2025-03-24,S02,North,0.0
2025-02-18,S10,Central,0.0
2025-11-17,S05,East,0.0
2025-04-30,S06,West,30.1
2025-10-17,S10,Central,0.0
2025-01-09,S12,South,0.0
2025-06-11,S09,Central,0.0
2025-03-22,S10,Central,0.0
2025-03-12,S10,Central,5.2
2025-05-03,S10,Central,33.5
2025-09-09,S08,West,0.1
2025-12-19,S06,West,0.0
2025-12-15,S11,South,0.0
2025-06-14,S10,Central,0.0
2025-03-31,S11,South,19.8
2025-10-14,S01,North,51.3
2025-07-01,S09,Central,0.0
2025-02-19,S03,East,0.0
2025-03-14,S12,South,1.3
2025-05-25,S12,South,0.0
2025-10-02,S06,West,0.0
2025-03-05,S02,North,5.9
2025-01-04,S08,West,0.0
2025-02-24,S05,East,0.0
2025-08-13,S12,South,17.8
2025-08-10,S11,South,1.3
2025-08-06,S12,South,0.0
2025-12-17,S01,North,0.0
2025-02-03,S12,South,0.0
2025-10-23,S02,North,0.0
2025-11-04,S10,Central,26.4
2025-06-03,S08,West,0.0
2025-03-05,S07,West,10.7
2025-01-19,S02,North,23.7
2025-08-12,S07,West,2.2
2025-03-15,S07,West,0.0
2025-02-15,S07,West,0.0
2025-04-11,S02,North,2.5
2025-03-26,S04,East,4.9
2025-10-27,S01,North,0.0
2025-07-22,S05,East,0.0
2025-01-10,S11,South,41.7
2025-01-24,S11,South,17.4
2025-02-21,S09,Central,0.0
2025-06-09,S06,West,0.0
2025-08-21,S12,South,0.0
2025-05-30,S11,South,0.2
2025-06-14,S07,West,0.0
2025-01-01,S04,East,0.0
2025-02-10,S11,South,9.9
2025-10-10,S11,South,0.0
2025-04-26,S05,East,0.0
2025-11-06,S11,South,0.0
2025-04-27,S03,East,0.0
2025-09-09,S01,North,0.0
2025-12-22,S09,Central,0.0
2025-07-06,S11,South,0.0
2025-03-18,S03,East,0.0
2025-05-20,S05,East,0.0
2025-04-18,S11,South,0.0
2025-12-17,S02,North,0.0
2025-12-14,S09,Central,0.0
2025-08-24,S12,South,24.8
2025-05-24,S11,South,0.0
2025-12-10,S09,Central,0.0
2025-07-04,S10,Central,0.0
2025-11-11,S03,East,0.0
2025-08-31,S06,West,16.7
2025-12-13,S05,East,27.9
2025-01-02,S07,West,4.6
2025-10-02,S07,West,11.0
2025-02-20,S11,South,12.0
2025-11-30,S08,West,0.0
2025-11-27,S01,North,20.5
2025-06-28,S11,South,0.0
2025-08-14,S05,East,0.0
2025-04-13,S05,East,0.0
2025-05-12,S03,East,7.6
2025-05-31,S04,East,0.0
2025-03-05,S04,East,9.4
2025-11-24,S01,North,1.1
2025-02-10,S04,East,8.1
2025-09-12,S10,Central,7.7
2025-01-04,S01,North,0.0
2025-08-29,S07,West,68.4
2025-03-19,S05,East,0.0
2025-02-06,S12,South,0.0
2025-07-04,S02,North,0.0
2025-07-11,S02,North,2.7
2025-03-01,S07,West,0.0
2025-03-14,S05,East,1.1
2025-12-24,S10,Central,0.3
2025-09-22,S01,North,0.0
2025-02-28,S05,East,0.0
2025-07-06,S04,East,0.0
2025-04-17,S04,East,0.0
2025-12-20,S04,East,0.0
2025-11-04,S07,West,0.0
2025-07-08,S03,East,0.0
2025-06-08,S12,South,4.1
2025-01-17,S04,East,60.6
2025-07-25,S07,West,0.0
2025-10-19,S11,South,0.0
2025-04-10,S05,East,5.4
2025-02-13,S06,West,0.0
2025-04-13,S02,North,0.0
2025-12-11,S01,North,0.0
2025-12-11,S12,South,0.0
2025-12-17,S09,Central,0.0
2025-04-02,S10,Central,0.0
2025-06-30,S09,Central,0.0
2025-01-05,S05,East,0.0
2025-04-28,S10,Central,0.0
2025-02-17,S08,West,0.0
2025-02-05,S05,East,0.0
2025-04-27,S09,Central,0.0
2025-12-23,S11,South,13.0
2025-04-21,S06,West,4.0
2025-02-02,S09,Central,4.4
2025-10-06,S12,South,0.0
2025-01-22,S08,West,0.0
2025-09-04,S06,West,35.3
2025-07-10,S08,West,4.0
2025-01-22,S01,North,0.0
2025-08-13,S11,South,1.7
2025-02-01,S04,East,0.0
2025-10-05,S08,West,3.1
2025-11-24,S10,Central,0.7
2025-05-17,S09,Central,22.7
2025-05-15,S07,West,4.1
2025-11-14,S03,East,0.2
2025-11-01,S12,South,5.6
2025-07-11,S07,West,2.6
2025-10-25,S08,West,0.0
2025-07-19,S06,West,4.9
2025-10-21,S12,South,7.8
2025-03-22,S03,East,0.0
2025-02-24,S10,Central,0.0
2025-05-18,S10,Central,0.0
2025-01-15,S10,Central,0.0
2025-11-17,S04,East,0.0
2025-08-29,S09,Central,66.1
2025-04-18,S05,East,0.0
2025-05-22,S12,South,11.9
2025-07-26,S03,East,0.0
2025-06-07,S04,East,0.0
2025-06-04,S04,East,11.9
2025-05-12,S09,Central,15.9
2025-01-17,S09,Central,30.9
2025-05-11,S01,North,0.0
2025-06-06,S02,North,5.6
2025-08-14,S03,East,0.0
2025-07-03,S03,East,0.0
2025-05-10,S03,East,0.0
2025-09-13,S06,West,13.8
2025-08-27,S05,East,0.0
2025-09-25,S04,East,14.0
2025-09-14,S07,West,0.0
2025-02-02,S07,West,10.4
2025-02-01,S06,West,0.0
2025-07-09,S07,West,0.0
2025-03-25,S10,Central,0.0
2025-09-16,S02,North,0.8
2025-11-20,S02,North,0.0
2025-04-23,S09,Central,0.0
2025-11-15,S04,East,0.0
2025-05-11,S09,Central,0.0
2025-09-03,S02,North,7.2
2025-03-29,S08,West,0.0
2025-04-08,S02,North,0.0
2025-06-10,S05,East,17.9
2025-03-04,S03,East,16.7
2025-11-05,S01,North,87.0
2025-12-10,S06,West,0.0
2025-09-26,S07,West,0.0
2025-08-03,S02,North,0.0
2025-04-16,S01,North,14.2
2025-10-20,S05,East,0.0
2025-03-26,S11,South,6.0
2025-10-09,S03,East,39.7
2025-11-01,S03,East,15.3
2025-08-28,S12,South,0.0
2025-10-16,S04,East,0.0
2025-09-17,S06,West,0.0
2025-03-31,S09,Central,2.3
2025-07-02,S11,South,0.0
2025-04-04,S07,West,0.0
2025-10-16,S10,Central,0.0
2025-11-14,S06,West,0.1
2025-02-07,S10,Central,0.0
2025-04-09,S10,Central,14.3
2025-11-15,S12,South,0.0
2025-01-02,S08,West,3.1
2025-04-08,S09,Central,0.0
2025-09-04,S03,East,41.9
2025-10-22,S05,East,2.8
2025-11-26,S08,West,15.4
2025-02-10,S06,West,17.4
2025-05-06,S04,East,0.0
2025-10-20,S04,East,6.7
2025-12-14,S08,West,0.0
2025-10-27,S08,West,0.0
2025-06-09,S08,West,4.1
2025-04-07,S05,East,10.1
2025-06-01,S06,West,0.0
2025-12-21,S09,Central,0.0
2025-12-20,S01,North,0.0
2025-01-02,S03,East,5.4
2025-02-02,S05,East,10.3
2025-12-04,S02,North,9.6
2025-01-24,S12,South,0.0
2025-06-10,S01,North,28.6
2025-01-08,S11,South,0.0
2025-12-04,S04,East,6.7
2025-05-17,S02,North,26.6
2025-10-25,S10,Central,0.0
2025-01-21,S10,Central,0.6
2025-03-18,S10,Central,0.0
2025-08-09,S08,West,0.0
2025-04-01,S07,West,12.7
2025-05-02,S11,South,0.3
2025-10-05,S03,East,3.9
2025-01-29,S07,West,0.0
2025-04-23,S06,West,0.0
2025-08-28,S04,East,0.0
2025-01-04,S02,North,0.0
2025-12-19,S12,South,0.0
2025-09-28,S04,East,0.0
2025-05-09,S02,North,0.0
2025-07-05,S06,West,45.7
2025-02-24,S10,Central,0.0
2025-11-30,S01,North,0.0
2025-03-04,S05,East,16.7
2025-01-03,S11,South,0.0
2025-04-01,S04,East,16.3
2025-06-23,S04,East,35.8
2025-09-13,S09,Central,18.0
2025-01-16,S02,North,12.1
2025-12-03,S09,Central,0.0
2025-06-13,S10,Central,0.0
2025-03-09,S01,North,0.0
2025-01-25,S08,West,8.4
2025-12-18,S08,West,0.0
2025-04-15,S06,West,0.0
2025-04-23,S02,North,0.0
2025-08-24,S11,South,19.1
2025-10-28,S12,South,5.5
2025-08-28,S07,West,0.0
2025-05-05,S04,East,0.0
2025-08-05,S07,West,1.8
2025-03-02,S02,North,2.7
2025-04-23,S07,West,0.0
2025-10-13,S04,East,0.2
2025-07-19,S01,North,4.4
2025-08-03,S07,West,0.0
2025-03-21,S08,West,0.0
2025-06-10,S06,West,12.9
2025-05-24,S01,North,0.0
2025-11-18,S12,South,0.0
2025-09-07,S01,North,0.0
2025-05-22,S09,Central,19.1
2025-02-11,S05,East,18.5
2025-02-08,S11,South,0.0
2025-02-22,S02,North,29.5
2025-07-01,S03,East,0.0
2025-06-23,S10,Central,11.1
2025-07-24,S11,South,0.0
2025-06-18,S08,West,1.9
2025-06-16,S07,West,0.0
2025-12-01,S06,West,26.6
2025-03-27,S12,South,0.0
2025-05-23,S08,West,0.0
2025-08-29,S04,East,25.0
2025-07-21,S11,South,6.3
2025-07-02,S03,East,0.0
2025-06-04,S08,West,14.5
2025-10-16,S09,Central,0.0
2025-02-05,S03,East,0.0
2025-11-26,S09,Central,18.6
2025-05-27,S01,North,0.0
2025-03-27,S04,East,0.0
2025-01-30,S02,North,0.0
2025-10-10,S08,West,0.0
2025-02-15,S01,North,0.0
2025-02-05,S08,West,0.0
2025-11-18,S01,North,0.0
2025-01-17,S07,West,29.7
2025-06-29,S06,West,1.6
2025-09-14,S10,Central,0.0
2025-10-12,S07,West,5.7
2025-08-22,S11,South,0.0
2025-02-11,S07,West,49.5
2025-07-10,S09,Central,5.1
2025-10-21,S06,West,7.8
2025-08-18,S12,South,0.0
2025-08-10,S07,West,1.3
2025-07-20,S03,East,0.0
2025-05-06,S07,West,0.0
2025-07-13,S09,Central,0.0
2025-06-17,S06,West,0.0
2025-05-09,S10,Central,0.0
2025-09-18,S11,South,0.0
2025-08-30,S02,North,4.7
2025-03-16,S01,North,10.9
2025-12-18,S05,East,5.2
2025-10-02,S04,East,0.0
2025-06-13,S05,East,0.0
2025-01-28,S09,Central,20.8
2025-04-24,S01,North,0.0
2025-09-14,S03,East,0.0
2025-11-13,S11,South,3.1
2025-01-18,S03,East,35.4
2025-03-27,S06,West,0.0
2025-08-11,S01,North,0.0
2025-02-28,S08,West,0.0
2025-10-28,S04,East,6.4
2025-03-31,S05,East,5.7
2025-02-17,S10,Central,0.0
2025-09-10,S05,East,0.0
2025-07-09,S09,Central,0.0
2025-06-27,S10,Central,0.0
2025-02-05,S01,North,0.0
2025-04-11,S03,East,9.5
2025-08-11,S08,West,0.0
2025-08-05,S11,South,1.0
2025-12-15,S05,East,0.0
2025-12-14,S01,North,0.0
2025-06-17,S01,North,0.0
2025-04-26,S12,South,0.0
2025-04-27,S01,North,0.0
2025-06-15,S02,North,0.0
2025-12-13,S04,East,14.9
2025-02-22,S12,South,23.8
2025-10-26,S03,East,9.6
2025-08-17,S05,East,5.3
2025-01-14,S08,West,42.6
2025-01-11,S10,Central,3.7
2025-02-24,S09,Central,0.0
2025-12-21,S10,Central,0.0
2025-10-29,S11,South,0.0
2025-04-08,S10,Central,0.0
2025-07-13,S12,South,0.0
2025-05-29,S10,Central,0.0
2025-01-02,S06,West,4.1
2025-10-23,S03,East,0.0
2025-11-04,S12,South,0.0
2025-02-21,S10,Central,0.0
2025-03-23,S01,North,0.0
2025-07-26,S08,West,0.0
2025-09-10,S06,West,0.0
2025-01-14,S09,Central,54.5
2025-02-01,S09,Central,0.0
2025-03-05,S05,East,8.9
2025-06-07,S10,Central,0.0
2025-06-26,S08,West,10.3
2025-03-06,S05,East,0.0
2025-10-09,S09,Central,23.4
2025-12-07,S07,West,2.9
2025-10-27,S11,South,0.0
2025-11-21,S12,South,0.0
2025-01-15,S07,West,0.0
2025-04-19,S06,West,0.0
2025-03-28,S12,South,1.2
2025-08-05,S05,East,1.5
2025-04-16,S10,Central,13.1
2025-02-10,S01,North,10.8
2025-10-19,S05,East,0.0
2025-06-06,S12,South,0.0
2025-11-30,S10,Central,0.0
2025-11-08,S01,North,0.0
2025-08-07,S05,East,0.0
2025-10-11,S08,West,0.0
2025-10-17,S06,West,0.0
2025-01-14,S05,East,50.2
2025-08-13,S06,West,0.9
2025-12-24,S01,North,0.5
2025-09-23,S07,West,0.0
2025-03-23,S04,East,0.0
2025-08-10,S08,West,7.6
2025-01-04,S12,South,0.0
2025-02-19,S06,West,0.0
2025-10-25,S07,West,0.0
2025-05-09,S01,North,0.0
2025-10-07,S03,East,18.0
2025-02-05,S06,West,2.2
2025-11-14,S08,West,0.2
2025-10-20,S02,North,0.0
2025-07-18,S04,East,0.6
2025-09-15,S12,South,0.0
2025-07-21,S01,North,8.0
2025-10-26,S12,South,11.3
2025-01-09,S05,East,0.0
2025-02-02,S12,South,3.4
2025-02-12,S10,Central,0.0
2025-10-03,S07,West,9.4
2025-12-27,S08,West,42.7
2025-08-07,S07,West,0.0
2025-04-15,S11,South,0.0
2025-08-17,S02,North,6.9
2025-08-29,S03,East,51.6
2025-07-22,S01,North,0.0
2025-11-26,S11,South,18.9
2025-07-16,S06,West,0.0
2025-09-03,S09,Central,15.9
2025-10-15,S12,South,1.8
2025-05-09,S09,Central,0.0
2025-02-27,S11,South,0.0
2025-07-22,S06,West,0.0
2025-08-26,S07,West,0.0
2025-12-10,S07,West,0.0
2025-08-20,S07,West,0.0
2025-08-15,S12,South,0.0
2025-09-28,S11,South,0.0
2025-03-16,S11,South,0.0
2025-05-20,S04,East,0.0
2025-07-06,S07,West,0.0
2025-07-19,S07,West,3.6
2025-12-18,S01,North,0.0
2025-12-09,S05,East,8.5
2025-07-02,S05,East,0.0
2025-02-12,S01,North,0.0
2025-01-07,S07,West,104.9
2025-12-18,S07,West,0.0
2025-01-21,S11,South,0.8
2025-08-14,S04,East,0.0
2025-02-09,S07,West,3.9
2025-07-29,S02,North,23.5
2025-05-23,S06,West,0.0
2025-03-16,S12,South,0.0
2025-05-07,S03,East,4.4
2025-02-03,S07,West,0.0
2025-12-11,S10,Central,0.0
2025-09-27,S06,West,0.0
2025-01-31,S06,West,6.1
2025-04-23,S08,West,0.0
2025-11-11,S11,South,0.0
2025-05-01,S06,West,0.0
2025-03-10,S06,West,0.0
2025-05-26,S03,East,0.9
2025-04-14,S01,North,0.0
2025-11-12,S07,West,3.7
2025-10-05,S09,Central,2.6
2025-08-28,S02,North,0.0
2025-09-16,S03,East,0.8
2025-07-05,S04,East,65.4
2025-04-10,S11,South,1.6
2025-01-21,S05,East,0.9
2025-01-20,S02,North,18.5
2025-06-13,S03,East,0.0
2025-02-26,S01,North,0.0
2025-12-13,S02,North,15.8
2025-08-18,S07,West,0.0
2025-12-15,S06,West,0.0
2025-03-22,S08,West,0.0
2025-12-22,S01,North,0.0
2025-03-06,S06,West,0.0
2025-09-22,S07,West,0.0
2025-10-16,S03,East,0.0
2025-09-24,S04,East,0.0
2025-11-04,S01,North,0.0
2025-03-25,S03,East,0.0
2025-02-11,S01,North,18.8
2025-09-12,S08,West,0.0
2025-12-24,S04,East,0.3
2025-09-26,S05,East,0.0
2025-06-02,S03,East,0.0
2025-10-15,S08,West,1.2
2025-11-30,S02,North,0.0
2025-04-16,S09,Central,14.3
2025-08-06,S09,Central,0.0
2025-10-01,S06,West,0.0
2025-05-04,S09,Central,0.0
2025-08-04,S01,North,5.4
2025-01-04,S07,West,0.0
2025-01-26,S10,Central,34.5
2025-09-23,S08,West,0.0
2025-05-22,S11,South,17.1
2025-11-19,S04,East,3.2
2025-06-03,S05,East,0.0
2025-02-19,S07,West,0.0
2025-01-22,S10,Central,0.0
2025-04-11,S09,Central,3.8
2025-04-14,S05,East,0.0
2025-12-27,S07,West,32.0
2025-12-20,S05,East,0.0
2025-02-13,S07,West,0.0
2025-10-04,S12,South,0.0
2025-03-07,S11,South,0.0
2025-11-04,S03,East,2.6
2025-10-22,S07,West,2.8
2025-04-08,S05,East,0.0
2025-02-16,S02,North,10.9
2025-03-19,S09,Central,0.0
2025-10-24,S09,Central,0.0
2025-09-11,S04,East,0.0
2025-09-06,S04,East,23.3
2025-09-06,S08,West,32.8
2025-10-06,S09,Central,0.0
2025-02-11,S08,West,58.9
2025-11-10,S12,South,14.7
2025-01-29,S03,East,0.0
2025-08-13,S07,West,1.2
2025-11-30,S07,West,0.0
2025-10-02,S08,West,0.0
2025-09-27,S04,East,0.0
2025-03-15,S01,North,0.0
2025-01-26,S01,North,22.8
2025-09-27,S08,West,0.0
2025-03-20,S04,East,2.6
2025-04-02,S04,East,0.0
2025-05-21,S02,North,0.0
2025-05-28,S05,East,0.0
2025-01-06,S10,Central,15.3
2025-01-02,S10,Central,4.1
2025-10-26,S08,West,19.4
2025-03-14,S04,East,0.6
2025-03-06,S04,East,0.0
2025-08-10,S02,North,0.8
2025-02-04,S11,South,0.0
2025-09-04,S02,North,33.1
2025-04-14,S12,South,0.0
2025-07-08,S08,West,0.0
2025-02-11,S04,East,14.9
2025-08-18,S08,West,0.0
2025-05-03,S05,East,29.4
2025-12-27,S04,East,23.3
2025-04-16,S08,West,21.8
2025-12-15,S01,North,0.4
2025-06-05,S03,East,4.0
2025-12-28,S12,South,43.1
2025-09-21,S11,South,0.0
2025-02-22,S03,East,34.2
2025-04-16,S12,South,18.7
2025-08-10,S09,Central,2.3
2025-09-22,S02,North,0.0
2025-12-09,S09,Central,5.0
2025-02-10,S08,West,5.6
2025-11-11,S07,West,0.0
2025-02-13,S02,North,0.0
2025-06-14,S01,North,0.0
2025-04-04,S12,South,0.0
2025-07-13,S07,West,0.0
2025-04-08,S11,South,0.0
2025-07-11,S06,West,2.8
2025-08-25,S05,East,0.0
2025-05-06,S09,Central,0.2
2025-10-11,S07,West,0.0
2025-02-09,S04,East,2.9
2025-11-13,S12,South,6.1
2025-02-15,S10,Central,0.0
2025-07-09,S10,Central,0.0
2025-08-22,S09,Central,0.0
2025-12-08,S05,East,19.9
2025-10-22,S01,North,2.5
2025-08-24,S03,East,37.1
2025-02-14,S06,West,0.0
2025-03-31,S12,South,4.7
2025-12-17,S08,West,0.0
2025-08-09,S07,West,1.2
2025-06-13,S02,North,0.0
2025-07-10,S06,West,4.2
2025-04-05,S07,West,0.0
2025-01-28,S01,North,15.8
2025-08-12,S10,Central,2.0
2025-09-18,S05,East,0.0
2025-10-02,S01,North,7.8
2025-01-25,S04,East,7.3
2025-01-27,S04,East,2.0
2025-04-07,S09,Central,0.0
2025-09-20,S09,Central,0.0
2025-06-10,S09,Central,18.4
2025-06-09,S07,West,0.0
2025-10-22,S10,Central,2.4
2025-08-25,S10,Central,0.0
2025-08-09,S02,North,0.0
2025-04-18,S03,East,0.0
2025-12-12,S02,North,3.7
2025-10-25,S11,South,0.0
2025-10-09,S11,South,43.5
2025-07-22,S04,East,0.0
2025-01-25,S05,East,10.5
2025-05-21,S05,East,0.0
2025-03-28,S03,East,2.4
2025-07-15,S04,East,0.1
2025-07-06,S09,Central,0.0
2025-08-16,S03,East,0.0
2025-10-30,S01,North,4.2
2025-04-22,S08,West,12.2
2025-05-26,S12,South,0.4
2025-06-20,S08,West,11.1
2025-12-09,S07,West,10.8
2025-12-22,S12,South,0.0
2025-01-16,S04,East,9.2
2025-05-23,S03,East,0.0
2025-11-08,S08,West,0.0
2025-08-11,S03,East,0.0
2025-12-02,S10,Central,3.2
2025-03-08,S11,South,2.6
2025-07-13,S03,East,0.0
2025-02-25,S11,South,0.0
2025-03-01,S01,North,0.0
2025-06-17,S11,South,0.0
2025-08-08,S12,South,0.0
2025-07-17,S06,West,0.2
2025-01-24,S01,North,36.9
2025-01-26,S11,South,31.4
2025-08-17,S11,South,33.2
2025-11-15,S02,North,0.0
2025-09-09,S07,West,0.0
2025-09-26,S10,Central,0.0
2025-12-29,S06,West,6.0
2025-10-06,S06,West,0.0
2025-07-14,S08,West,0.0
2025-08-17,S01,North,7.4
2025-05-05,S02,North,0.0
2025-02-14,S12,South,0.0
2025-04-10,S03,East,2.4
2025-09-06,S10,Central,42.5
2025-01-21,S02,North,0.4
2025-12-21,S07,West,0.0
2025-05-21,S07,West,0.0
2025-01-16,S01,North,25.9
2025-06-02,S09,Central,0.0
2025-10-24,S12,South,0.0
2025-12-07,S04,East,4.3
2025-07-19,S11,South,4.0
2025-06-25,S05,East,21.7
2025-02-13,S10,Central,13.9
2025-08-29,S12,South,46.8
2025-12-05,S05,East,8.6
2025-04-13,S04,East,0.0
2025-09-14,S04,East,0.0
2025-07-03,S04,East,0.0
2025-08-25,S08,West,0.0
2025-01-15,S06,West,0.0
2025-08-10,S04,East,1.6
2025-06-10,S11,South,22.8
2025-05-13,S02,North,13.6
2025-12-19,S01,North,0.0
2025-03-02,S06,West,4.7
2025-06-28,S09,Central,0.0
2025-12-14,S07,West,7.6
2025-01-02,S01,North,4.0
2025-10-13,S01,North,0.2
2025-08-22,S05,East,0.0
2025-02-23,S03,East,131.7
2025-08-15,S09,Central,0.0
2025-06-14,S12,South,28.8
2025-09-11,S07,West,0.0
2025-03-10,S01,North,0.0
2025-02-08,S02,North,0.0
2025-10-22,S08,West,3.2
2025-03-09,S03,East,0.0
2025-01-31,S10,Central,0.0
2025-06-25,S11,South,0.0
2025-09-03,S06,West,11.6
2025-06-27,S01,North,0.0
2025-08-12,S03,East,25.8
2025-12-28,S06,West,51.5
2025-06-02,S04,East,0.0
2025-09-23,S10,Central,0.0
2025-06-07,S07,West,0.0
2025-12-10,S05,East,0.0
2025-04-09,S08,West,18.3
2025-06-14,S05,East,0.0
2025-07-31,S08,West,0.0
2025-04-09,S07,West,10.7
2025-11-23,S10,Central,0.0
2025-09-24,S08,West,0.0
2025-04-05,S05,East,0.0
2025-03-26,S05,East,3.5
2025-11-19,S10,Central,0.0
2025-12-17,S07,West,3.5
2025-03-19,S12,South,0.0
2025-06-23,S02,North,26.9
2025-10-10,S04,East,0.0
2025-02-23,S12,South,92.2
2025-12-23,S07,West,18.2
2025-07-19,S05,East,6.0
2025-03-17,S05,East,0.5
2025-08-29,S06,West,26.4
2025-11-28,S05,East,7.9
2025-01-10,S10,Central,54.6
2025-06-13,S09,Central,0.0
2025-06-16,S11,South,0.0
2025-10-18,S11,South,0.0
2025-02-10,S10,Central,13.8
2025-11-29,S12,South,20.7
2025-08-07,S03,East,0.0
2025-05-26,S02,North,0.9
2025-12-12,S04,East,7.0
2025-04-06,S05,East,15.7
2025-05-31,S09,Central,0.0
2025-11-21,S11,South,5.5
2025-10-11,S04,East,0.0
2025-09-19,S04,East,10.0
2025-06-05,S11,South,2.7
2025-07-01,S10,Central,0.0
2025-05-28,S09,Central,0.0
2025-06-27,S09,Central,0.0
2025-11-20,S09,Central,0.0
2025-11-01,S08,West,5.9
2025-02-01,S08,West,11.0
2025-06-11,S08,West,0.0
2025-04-05,S09,Central,0.0
2025-02-06,S10,Central,0.0
2025-06-23,S11,South,36.8
2025-10-26,S02,North,20.8
2025-11-11,S08,West,0.0
2025-07-28,S02,North,0.0
2025-01-18,S11,South,43.8
2025-07-26,S11,South,0.0
2025-05-10,S12,South,0.0
2025-04-30,S11,South,14.7
2025-07-31,S10,Central,14.7
2025-11-14,S12,South,0.2
2025-05-29,S11,South,0.0
2025-02-14,S07,West,0.0
2025-04-06,S12,South,0.5
2025-09-25,S06,West,12.0
2025-10-10,S01,North,0.0
2025-09-16,S01,North,0.6
2025-09-23,S11,South,0.0
2025-02-03,S06,West,0.0
2025-01-20,S06,West,14.0
2025-02-01,S10,Central,0.0
2025-12-27,S02,North,26.4
2025-08-12,S05,East,4.4
2025-02-15,S09,Central,0.0
2025-11-09,S02,North,0.5
2025-09-15,S09,Central,0.0
2025-04-15,S04,East,0.0
2025-10-26,S04,East,20.4
2025-02-25,S01,North,0.0
2025-09-07,S12,South,0.0
2025-12-30,S04,East,0.1
2025-02-08,S12,South,0.0
2025-03-13,S07,West,3.9
2025-03-27,S01,North,0.0
2025-02-17,S09,Central,0.0
2025-11-10,S04,East,6.1
2025-03-04,S09,Central,10.6
2025-06-08,S03,East,0.0
2025-03-23,S09,Central,0.0
2025-06-04,S11,South,10.3
2025-02-11,S06,West,27.9
2025-07-14,S06,West,0.0
2025-02-08,S08,West,0.0
2025-12-16,S02,North,0.0
2025-07-30,S12,South,0.0
2025-01-09,S04,East,0.0
2025-05-24,S07,West,0.0
2025-05-30,S12,South,0.1
2025-02-15,S10,Central,0.0
2025-03-06,S07,West,1.8
2025-12-07,S08,West,3.8
2025-09-10,S02,North,2.4
2025-02-02,S11,South,7.8
2025-05-04,S01,North,0.0
2025-11-12,S12,South,5.3
2025-12-01,S01,North,11.9
2025-10-11,S10,Central,0.0
2025-11-01,S01,North,9.3
2025-09-22,S08,West,0.0
2025-09-08,S03,East,0.0
2025-12-26,S04,East,30.2
2025-04-04,S09,Central,0.0
2025-06-25,S01,North,0.0
2025-08-05,S02,North,3.5
2025-06-26,S09,Central,8.6
2025-07-23,S05,East,17.1
2025-05-27,S04,East,0.0
2025-01-04,S09,Central,0.0
2025-02-16,S06,West,10.8
2025-04-12,S06,West,1.1
2025-07-23,S06,West,10.9
2025-03-25,S06,West,0.0
2025-10-30,S04,East,3.9
2025-07-11,S12,South,3.1
2025-04-12,S09,Central,1.1
2025-02-14,S02,North,0.0
2025-11-07,S02,North,0.5
2025-10-25,S01,North,0.0
2025-07-15,S03,East,0.1
2025-01-23,S01,North,0.0
2025-11-10,S09,Central,13.0
2025-09-02,S09,Central,3.1
2025-12-30,S02,North,0.1
2025-09-17,S04,East,0.0
2025-08-26,S12,South,0.0
2025-11-03,S02,North,2.8
2025-09-17,S05,East,0.0
2025-06-01,S04,East,0.0
2025-03-28,S07,West,3.0
2025-01-01,S10,Central,0.0
2025-10-21,S01,North,7.5
2025-04-17,S07,West,0.0
2025-05-21,S10,Central,0.0
2025-05-07,S01,North,0.0
2025-03-13,S08,West,9.2
2025-04-15,S07,West,0.0
2025-12-29,S09,Central,7.8
2025-08-20,S09,Central,0.0
2025-11-24,S02,North,0.8
2025-09-27,S11,South,0.0
2025-11-18,S02,North,0.0
2025-03-29,S03,East,0.0
2025-08-05,S01,North,0.7
2025-06-02,S01,North,0.0
2025-07-16,S12,South,4.0
2025-08-03,S06,West,0.0
2025-07-20,S12,South,0.0
2025-08-19,S12,South,0.0
2025-08-19,S06,West,0.0
2025-04-24,S02,North,0.0
2025-08-23,S04,East,3.5
2025-07-11,S05,East,3.5
2025-10-20,S09,Central,0.0
2025-09-11,S05,East,0.0
2025-04-13,S11,South,0.0
2025-03-24,S03,East,0.0
2025-09-08,S01,North,0.0
2025-04-24,S03,East,0.0
2025-12-14,S06,West,0.0
2025-07-03,S09,Central,0.0
2025-10-04,S10,Central,0.0
2025-09-12,S06,West,0.0
2025-08-26,S03,East,0.0
2025-10-15,S11,South,1.3
2025-09-14,S12,South,0.0
2025-08-31,S03,East,9.5
2025-04-29,S06,West,0.0
2025-04-03,S07,West,0.1
2025-09-04,S01,North,24.7
2025-07-16,S08,West,0.0
2025-03-02,S07,West,1.6
2025-12-26,S12,South,32.6
2025-01-10,S10,Central,54.6
2025-11-27,S11,South,28.6
2025-07-08,S07,West,0.0
2025-12-20,S10,Central,0.0
2025-04-20,S10,Central,10.2
2025-09-13,S11,South,12.2
2025-04-03,S05,East,0.0
2025-03-20,S09,Central,1.4
2025-10-25,S04,East,0.0
2025-05-08,S11,South,0.0
2025-09-03,S03,East,11.2
2025-05-11,S10,Central,0.0
2025-08-21,S05,East,0.0
2025-09-24,S05,East,0.0
2025-05-24,S10,Central,0.0
2025-05-03,S01,North,21.1
2025-05-02,S05,East,0.3
2025-07-22,S11,South,0.0
2025-01-08,S12,South,0.0
2025-04-19,S11,South,0.0
2025-11-19,S06,West,0.0
2025-05-20,S03,East,0.0
2025-08-03,S11,South,0.0
2025-10-28,S03,East,11.4
2025-07-06,S08,West,0.0
2025-01-27,S03,East,1.9
2025-08-09,S06,West,0.0
2025-04-19,S04,East,0.0
2025-12-04,S06,West,8.7
2025-10-12,S10,Central,5.1
2025-11-29,S01,North,43.3
2025-06-29,S05,East,0.9
2025-08-30,S07,West,2.1
2025-03-29,S09,Central,0.0
2025-06-12,S05,East,20.3
2025-05-08,S10,Central,0.0
2025-04-18,S02,North,0.0
2025-06-21,S03,East,0.0
2025-05-16,S03,East,0.0
2025-07-10,S12,South,2.1
2025-01-18,S08,West,40.3
2025-10-09,S04,East,18.1
2025-10-22,S04,East,1.5
2025-01-12,S03,East,44.1
2025-09-17,S12,South,0.0
2025-07-12,S05,East,37.5
2025-02-07,S07,West,0.0
2025-09-19,S12,South,26.0
2025-06-06,S09,Central,0.0
2025-12-12,S09,Central,2.2
2025-08-04,S05,East,5.5
2025-10-01,S10,Central,0.0
2025-10-23,S07,West,0.0
2025-04-12,S04,East,1.6
2025-07-23,S11,South,13.3
2025-01-03,S12,South,0.0
2025-09-14,S01,North,0.0
2025-04-01,S08,West,9.4
2025-09-26,S02,North,0.0
2025-03-15,S09,Central,0.0
2025-07-14,S07,West,0.0
2025-06-12,S11,South,10.2
2025-02-17,S03,East,0.0
2025-04-02,S11,South,0.0
2025-11-20,S06,West,0.0
2025-07-12,S02,North,11.5
2025-03-14,S06,West,0.8
2025-07-27,S06,West,0.0
2025-11-07,S06,West,0.4
2025-06-09,S10,Central,0.0
2025-09-19,S01,North,30.8
2025-06-08,S08,West,0.0
2025-12-20,S06,West,0.0
2025-12-27,S11,South,31.6
2025-07-17,S11,South,0.7
2025-09-16,S09,Central,1.0
2025-04-22,S06,West,0.0
2025-06-19,S09,Central,26.4
2025-11-06,S09,Central,0.0
2025-10-28,S06,West,4.2
2025-03-28,S10,Central,2.7
2025-07-11,S11,South,4.0
2025-08-23,S12,South,1.3
2025-07-28,S01,North,0.0
2025-06-30,S12,South,0.0
2025-05-16,S06,West,0.0
2025-07-13,S05,East,0.0
2025-10-18,S03,East,0.0
2025-09-01,S02,North,0.0
2025-12-22,S04,East,0.0
2025-12-04,S09,Central,11.1
2025-08-07,S08,West,0.0
2025-11-15,S06,West,0.0
2025-07-29,S01,North,35.5
2025-03-10,S09,Central,0.0
2025-06-03,S01,North,0.0
2025-01-02,S11,South,7.2
2025-06-27,S05,East,0.0
2025-10-27,S07,West,0.0
2025-04-10,S04,East,2.5
2025-07-09,S06,West,0.0
2025-06-23,S07,West,33.4
2025-10-18,S07,West,0.0
2025-08-09,S05,East,0.0
2025-11-08,S06,West,0.0
2025-08-21,S02,North,0.0
2025-09-22,S09,Central,0.0
2025-06-03,S06,West,3.8
2025-09-01,S05,East,0.0
2025-11-12,S02,North,2.7
2025-08-04,S10,Central,4.0
2025-03-06,S08,West,0.0
2025-06-02,S05,East,0.0
2025-06-08,S10,Central,0.0
2025-10-08,S04,East,18.5
2025-11-06,S06,West,0.0
2025-07-29,S10,Central,55.1
2025-04-16,S05,East,27.3
2025-07-11,S09,Central,3.1
2025-05-25,S07,West,56.0
2025-07-17,S10,Central,0.5
2025-08-10,S01,North,1.6
2025-12-02,S09,Central,5.9
2025-08-14,S01,North,0.0
2025-11-16,S12,South,0.0
2025-04-01,S11,South,15.6
2025-01-10,S08,West,79.9
2025-03-07,S12,South,0.0
2025-09-08,S07,West,0.0
2025-12-14,S05,East,0.0
2025-11-09,S04,East,0.0
2025-07-01,S07,West,0.0
2025-12-17,S11,South,0.0
2025-09-27,S10,Central,0.0
2025-03-21,S05,East,0.0
2025-07-19,S10,Central,4.8
2025-08-07,S10,Central,0.0
2025-08-20,S06,West,0.0
2025-07-25,S01,North,0.0
2025-10-25,S03,East,0.0
2025-08-04,S12,South,1.4
2025-01-22,S10,Central,0.0
2025-11-13,S03,East,5.0
2025-11-25,S02,North,0.0
2025-04-06,S11,South,0.6
2025-09-14,S11,South,0.0
2025-02-09,S11,South,2.3
2025-02-17,S10,Central,0.0
2025-05-19,S04,East,9.4
2025-11-18,S04,East,1.7
2025-05-10,S06,West,0.0
2025-12-15,S09,Central,0.0
2025-08-02,S11,South,0.0
2025-01-17,S01,North,36.5
2025-01-07,S08,West,73.3
2025-06-28,S10,Central,0.0
2025-03-04,S07,West,11.0
2025-09-01,S08,West,0.0
2025-03-15,S05,East,0.0
2025-09-21,S05,East,0.0
2025-05-17,S04,East,13.3
2025-07-30,S07,West,0.0
2025-10-19,S02,North,0.0
2025-06-08,S05,East,0.0
2025-11-21,S05,East,0.0
2025-01-07,S05,East,25.1
2025-02-04,S02,North,0.0
2025-12-05,S08,West,26.1
2025-04-18,S09,Central,0.0
2025-09-11,S02,North,0.0
2025-05-24,S02,North,0.0
2025-10-17,S11,South,0.0
2025-10-04,S08,West,16.8
2025-12-06,S08,West,20.8
2025-06-29,S07,West,0.8
2025-01-16,S11,South,15.4
2025-05-18,S03,East,0.0
2025-12-31,S07,West,0.0
2025-06-06,S03,East,0.0
2025-11-29,S06,West,10.3
2025-08-23,S02,North,2.1
2025-04-06,S10,Central,0.3
2025-06-24,S12,South,0.0
2025-04-03,S02,North,0.0
2025-12-29,S12,South,9.0
2025-03-11,S04,East,0.0
2025-05-21,S03,East,0.0
2025-03-02,S03,East,8.9
2025-04-28,S07,West,0.0
2025-09-10,S12,South,0.0
2025-10-28,S08,West,8.4
2025-08-13,S03,East,0.7
2025-10-13,S02,North,0.1
2025-01-04,S03,East,0.0
2025-10-18,S12,South,0.0
2025-01-15,S02,North,0.0
2025-04-15,S08,West,6.8
2025-01-11,S10,Central,3.7
2025-10-06,S11,South,0.0
2025-08-15,S03,East,0.0
2025-10-09,S08,West,21.4
2025-06-21,S01,North,0.0
2025-06-16,S06,West,0.0
2025-05-17,S07,West,16.0
2025-10-22,S02,North,3.8
2025-10-15,S07,West,2.2
2025-01-21,S08,West,0.5
2025-12-09,S06,West,6.1
2025-02-16,S04,East,12.4
2025-08-21,S11,South,0.0
2025-11-21,S10,Central,0.0
2025-03-18,S07,West,0.0
2025-10-05,S02,North,1.5
2025-06-18,S01,North,1.5
2025-04-15,S05,East,0.0
2025-01-23,S06,West,0.0
2025-05-07,S10,Central,0.0
2025-05-20,S06,West,0.0
2025-09-30,S01,North,0.0
2025-06-17,S04,East,0.0
2025-11-22,S07,West,1.2
2025-03-12,S04,East,13.0
2025-10-05,S11,South,1.7
2025-07-01,S12,South,0.0
2025-01-19,S04,East,18.9
2025-11-23,S06,West,0.0
2025-10-30,S09,Central,6.0
2025-09-16,S10,Central,1.4
2025-12-29,S10,Central,9.2
2025-02-09,S10,Central,2.0
2025-05-15,S06,West,4.1
2025-02-08,S01,North,0.0
2025-11-03,S01,North,4.2
2025-01-07,S01,North,65.4
2025-10-07,S09,Central,18.9
2025-11-19,S08,West,0.0
2025-11-10,S07,West,25.3
2025-11-18,S08,West,0.0
2025-02-21,S03,East,0.0
2025-05-23,S04,East,0.0
2025-06-19,S02,North,0.0
2025-08-07,S02,North,0.0
2025-05-04,S11,South,0.0
2025-01-09,S10,Central,0.0
2025-01-07,S12,South,38.1
2025-04-11,S11,South,5.5
2025-08-25,S12,South,0.0
2025-09-19,S10,Central,20.4
2025-07-26,S10,Central,0.0
2025-12-20,S08,West,0.0
2025-11-13,S01,North,5.0
2025-02-24,S07,West,0.0
2025-09-29,S07,West,0.0
2025-02-26,S08,West,0.0
2025-08-09,S11,South,0.0
2025-08-22,S12,South,0.0
2025-01-17,S06,West,34.7
2025-03-15,S08,West,0.0
2025-08-14,S10,Central,0.0
2025-06-12,S10,Central,19.8
2025-09-29,S01,North,0.0
2025-07-03,S02,North,0.0
2025-10-07,S05,East,50.3
2025-11-03,S05,East,2.1
2025-05-20,S09,Central,0.0
2025-09-01,S12,South,0.0
2025-08-31,S02,North,10.3
2025-09-05,S07,West,0.9
2025-08-22,S02,North,0.0
2025-10-04,S05,East,0.0
2025-06-14,S03,East,0.0
2025-05-06,S12,South,0.0
2025-12-29,S05,East,14.1
2025-07-25,S02,North,0.0
2025-08-10,S06,West,2.0
2025-12-11,S06,West,0.0
2025-03-03,S01,North,16.7
2025-07-19,S04,East,4.2
2025-02-14,S10,Central,0.0
2025-07-31,S04,East,0.0
2025-03-21,S03,East,0.0
2025-05-30,S07,West,3.6
2025-01-02,S04,East,3.9
2025-07-29,S11,South,67.6
2025-12-25,S12,South,0.0
2025-02-26,S10,Central,0.0
2025-04-18,S01,North,0.0
2025-01-11,S07,West,1.3
2025-11-05,S02,North,69.1
2025-07-02,S08,West,0.0
2025-05-26,S11,South,0.7
2025-10-28,S02,North,31.2
2025-05-25,S02,North,0.0
2025-02-06,S07,West,0.0
2025-08-16,S05,East,0.0
2025-12-16,S07,West,0.0
2025-06-04,S12,South,5.3
2025-04-30,S05,East,36.8
2025-05-17,S03,East,18.8
2025-03-19,S06,West,0.0
2025-11-20,S05,East,0.0
2025-07-31,S01,North,0.0
2025-10-02,S09,Central,0.0
2025-01-13,S04,East,5.1
2025-04-24,S07,West,0.0
2025-11-24,S06,West,0.9
2025-01-31,S10,Central,0.0
2025-08-07,S12,South,0.0
2025-01-27,S09,Central,1.0
2025-07-15,S06,West,4.0
2025-08-13,S02,North,1.6
2025-04-05,S11,South,0.0
2025-05-27,S11,South,0.0
2025-05-08,S12,South,0.0
2025-03-28,S01,North,10.7
2025-10-09,S02,North,13.8
2025-02-11,S03,East,14.7
2025-04-03,S11,South,0.1
2025-07-21,S04,East,4.2
2025-12-10,S02,North,0.0
2025-10-12,S09,Central,4.0
2025-11-26,S07,West,15.1
2025-05-13,S11,South,14.3
2025-08-28,S11,South,0.0
2025-12-01,S07,West,44.3
2025-03-20,S08,West,1.8
2025-03-24,S06,West,0.0
2025-01-22,S12,South,0.0
2025-12-17,S06,West,7.7
2025-12-11,S02,North,4.0
2025-01-18,S12,South,31.1
2025-02-23,S02,North,61.8
2025-02-18,S05,East,0.0
2025-03-13,S05,East,4.9
2025-02-07,S08,West,0.0
2025-09-06,S09,Central,16.7
2025-08-19,S01,North,0.0
2025-11-05,S04,East,28.1
2025-05-19,S09,Central,10.1
2025-05-02,S03,East,0.3
2025-10-02,S03,East,0.0
2025-08-07,S06,West,0.0
2025-02-26,S06,West,0.0
2025-03-23,S11,South,0.9
2025-03-13,S02,North,3.5
2025-09-26,S04,East,0.0
2025-03-31,S10,Central,3.0
2025-07-30,S05,East,0.0
2025-03-09,S05,East,0.0
2025-08-24,S05,East,28.3
2025-10-01,S03,East,0.0
2025-08-19,S04,East,0.0
2025-07-27,S09,Central,0.0
2025-02-15,S06,West,0.0
2025-07-04,S11,South,0.0
2025-12-01,S12,South,17.4
2025-02-28,S06,West,0.0
2025-04-21,S02,North,1.3
2025-07-29,S07,West,38.4
2025-05-20,S07,West,0.0
2025-10-01,S09,Central,0.0
2025-05-14,S05,East,0.0
2025-12-02,S01,North,5.1
2025-06-20,S09,Central,7.6
2025-04-20,S08,West,10.0
2025-03-30,S01,North,7.5
2025-05-25,S03,East,0.0
2025-02-25,S06,West,21.7
2025-06-28,S02,North,0.0
2025-07-13,S04,East,0.0
2025-05-08,S09,Central,0.0
2025-09-10,S08,West,0.0
2025-02-10,S10,Central,13.8
2025-04-13,S06,West,0.0
2025-04-10,S12,South,1.3
2025-12-03,S12,South,0.0
2025-09-22,S12,South,0.0
2025-05-07,S07,West,0.0
2025-11-16,S01,North,0.0
2025-06-04,S02,North,12.3
2025-12-30,S12,South,0.1
2025-05-29,S03,East,10.7
2025-11-06,S12,South,0.0
2025-04-06,S03,East,0.3
2025-01-09,S10,Central,0.0
2025-08-31,S04,East,11.9
2025-07-25,S09,Central,0.0
2025-02-26,S12,South,0.0
2025-01-25,S12,South,7.1
2025-05-19,S01,North,14.9
2025-06-13,S01,North,0.0
2025-07-25,S05,East,0.0
2025-10-22,S12,South,2.3
2025-01-14,S06,West,28.5
2025-11-12,S03,East,8.3
2025-08-19,S03,East,0.0
2025-01-07,S09,Central,56.8
2025-12-04,S05,East,13.0
2025-03-01,S12,South,0.0
2025-11-05,S11,South,84.9
2025-04-02,S05,East,0.0
2025-01-05,S11,South,0.0
2025-11-10,S03,East,27.7
2025-07-05,S11,South,49.1
2025-01-12,S04,East,63.3
2025-06-23,S08,West,15.1
2025-02-22,S10,Central,20.1
2025-05-10,S02,North,0.0
2025-10-18,S02,North,55.1
2025-10-14,S06,West,32.1
2025-04-02,S09,Central,0.0
2025-01-17,S11,South,20.8
2025-05-18,S01,North,0.0
2025-03-22,S11,South,1.7
2025-07-18,S06,West,0.8
2025-06-18,S05,East,2.3
2025-11-29,S02,North,8.1
2025-02-19,S04,East,0.0
2025-03-10,S11,South,0.0
2025-05-13,S12,South,10.1
2025-11-07,S07,West,0.5
2025-12-20,S07,West,0.0
2025-12-11,S04,East,0.0
2025-11-02,S06,West,18.0
2025-08-07,S04,East,14.8
2025-08-21,S07,West,0.0
2025-08-11,S07,West,0.0
2025-05-16,S01,North,0.0
2025-05-02,S04,East,0.3
2025-03-08,S08,West,4.3
2025-12-24,S06,West,0.7
2025-04-01,S05,East,13.4
2025-11-11,S04,East,0.0
2025-05-31,S11,South,0.0
2025-05-10,S10,Central,1.0
2025-05-29,S01,North,0.0
2025-10-31,S01,North,11.9
2025-01-25,S10,Central,4.4
2025-10-15,S03,East,2.3
2025-05-27,S06,West,0.0
2025-01-05,S04,East,0.0
2025-08-11,S12,South,0.0
2025-09-28,S07,West,0.0
2025-05-10,S08,West,0.0
2025-03-09,S11,South,0.0
2025-05-07,S06,West,0.0
2025-04-27,S12,South,0.0
2025-07-18,S01,North,0.9
2025-12-22,S05,East,12.1
2025-01-03,S09,Central,0.0
2025-04-08,S07,West,0.0
2025-02-09,S02,North,2.6
2025-06-21,S12,South,0.0
2025-02-12,S10,Central,0.0
2025-04-29,S02,North,0.0
2025-05-15,S04,East,6.0
2025-10-19,S04,East,0.0
2025-08-21,S04,East,0.0
2025-10-29,S03,East,0.0
2025-03-03,S03,East,20.5
2025-03-11,S03,East,0.0
2025-10-17,S07,West,0.0
2025-10-18,S08,West,0.0
2025-06-03,S04,East,0.0
2025-02-27,S02,North,0.0
2025-08-08,S07,West,0.0
2025-06-23,S06,West,12.4
2025-07-16,S09,Central,0.0
2025-07-11,S10,Central,2.0
2025-04-16,S06,West,16.2
2025-01-13,S10,Central,3.6
2025-10-11,S12,South,0.0
2025-03-08,S05,East,8.0
2025-03-25,S08,West,0.0
2025-03-30,S09,Central,11.7
2025-05-31,S06,West,0.0
2025-07-22,S08,West,0.0
2025-03-24,S12,South,0.0
2025-04-27,S05,East,0.0
2025-06-22,S03,East,14.1
2025-10-29,S08,West,0.0
2025-11-17,S02,North,0.0
2025-05-19,S05,East,8.1
2025-12-05,S07,West,21.2
2025-06-09,S01,North,0.0
2025-09-27,S03,East,0.0
2025-08-04,S11,South,5.4
2025-07-14,S10,Central,0.0
2025-07-15,S02,North,0.1
2025-04-18,S07,West,0.0
2025-07-18,S09,Central,0.8
2025-05-20,S12,South,0.0
2025-09-20,S10,Central,14.8
2025-07-01,S08,West,0.0
2025-04-23,S01,North,0.0
2025-11-11,S12,South,0.0
2025-11-07,S10,Central,0.5
2025-05-22,S10,Central,25.4
2025-11-17,S09,Central,0.0
2025-02-03,S05,East,0.0
2025-06-24,S06,West,0.0
2025-06-05,S09,Central,1.7
2025-07-12,S03,East,30.5
2025-07-31,S05,East,0.0
2025-03-23,S12,South,0.0
2025-12-12,S08,West,5.3
2025-12-21,S11,South,0.0
2025-03-24,S09,Central,0.0
2025-09-29,S04,East,0.0
2025-10-21,S10,Central,11.9
2025-09-08,S05,East,0.0
2025-03-27,S03,East,0.0
2025-10-02,S11,South,0.0
2025-05-04,S07,West,0.0
2025-03-02,S05,East,3.2
2025-12-27,S05,East,26.9
2025-11-11,S02,North,0.0
2025-02-12,S12,South,0.0
2025-02-15,S04,East,0.0
2025-03-22,S01,North,0.0
2025-06-22,S06,West,1.4
2025-10-13,S12,South,0.1
2025-09-01,S11,South,0.0
2025-05-19,S12,South,7.3
2025-10-20,S08,West,0.0
2025-07-11,S04,East,3.5
2025-11-26,S01,North,27.5
2025-08-18,S09,Central,0.0
2025-08-31,S01,North,14.5
2025-08-29,S11,South,50.8
2025-10-04,S02,North,0.0
2025-11-28,S02,North,4.4
2025-04-25,S07,West,15.6
2025-02-25,S10,Central,11.5
2025-11-07,S08,West,0.4
2025-01-24,S03,East,0.0
2025-03-12,S02,North,9.9
2025-05-31,S05,East,0.0
2025-06-06,S06,West,0.0
2025-08-27,S09,Central,0.0
2025-09-06,S12,South,27.4
2025-09-13,S10,Central,16.9
2025-05-30,S09,Central,0.2
2025-10-27,S05,East,1.6
2025-07-06,S02,North,0.0
2025-01-14,S11,South,22.6
2025-11-15,S11,South,0.0
2025-04-28,S12,South,0.0
2025-08-25,S02,North,0.0
2025-11-22,S10,Central,1.7
2025-07-06,S06,West,0.0
2025-10-11,S03,East,0.0
2025-07-02,S09,Central,0.0
2025-09-08,S11,South,0.0
2025-01-15,S05,East,0.0
2025-08-23,S06,West,2.0
2025-03-26,S10,Central,3.0
2025-12-05,S04,East,18.2
2025-09-05,S04,East,1.2
2025-04-12,S02,North,2.0
2025-03-28,S05,East,4.6
2025-03-09,S12,South,0.0
2025-01-08,S10,Central,0.0
2025-10-05,S01,North,3.1
2025-01-22,S04,East,19.5
2025-05-16,S05,East,0.0
2025-07-12,S09,Central,17.7
2025-10-22,S03,East,2.5
2025-02-22,S05,East,38.8
2025-09-20,S08,West,0.0
2025-07-30,S03,East,0.9
2025-11-23,S08,West,0.0
2025-05-31,S12,South,0.0
2025-02-23,S05,East,109.1
2025-10-03,S04,East,5.3
2025-06-17,S08,West,0.0
2025-12-18,S04,East,0.0
2025-10-07,S11,South,30.2
2025-02-06,S05,East,0.0
2025-12-15,S12,South,1.5
2025-06-26,S03,East,11.7
2025-10-28,S05,East,7.0
2025-11-03,S10,Central,8.9
2025-05-18,S11,South,0.0
2025-04-14,S08,West,0.0
2025-04-28,S06,West,0.0
2025-03-01,S10,Central,0.0
2025-01-24,S02,North,0.0
2025-10-20,S06,West,0.0
2025-03-18,S11,South,0.0
2025-01-30,S07,West,0.0
2025-09-15,S10,Central,0.0
2025-04-20,S11,South,9.5
2025-11-10,S08,West,19.3
2025-05-31,S03,East,0.0
2025-01-12,S05,East,39.9
2025-11-01,S10,Central,7.4
2025-11-16,S09,Central,0.0
2025-12-03,S10,Central,0.0
2025-12-08,S09,Central,20.6
2025-02-20,S01,North,15.7
2025-04-20,S06,West,10.8
2025-10-17,S05,East,0.0
2025-07-06,S12,South,0.0
2025-05-14,S01,North,0.0
2025-02-27,S04,East,0.0
2025-12-05,S02,North,19.6
2025-04-28,S02,North,0.0
2025-06-05,S10,Central,2.0
2025-04-08,S04,East,0.0
2025-11-23,S12,South,0.0
2025-09-18,S06,West,0.0
2025-04-19,S07,West,0.0
2025-03-08,S01,North,6.4
2025-01-22,S09,Central,0.0
2025-10-01,S08,West,0.0
2025-06-20,S07,West,5.1
2025-12-08,S08,West,24.4
2025-09-24,S03,East,0.0
2025-08-19,S09,Central,0.0
2025-06-27,S03,East,0.0
2025-02-01,S01,North,0.0
2025-11-19,S07,West,0.0
2025-02-26,S09,Central,0.0
2025-06-22,S08,West,1.5
2025-05-24,S03,East,0.0
2025-01-11,S01,North,2.1
2025-03-06,S01,North,0.0
2025-07-18,S12,South,0.8
2025-08-28,S10,Central,4.2
2025-02-16,S03,East,14.8
2025-03-19,S01,North,0.0
2025-05-07,S02,North,0.0
2025-12-06,S11,South,13.0
2025-06-13,S07,West,0.0
2025-03-14,S08,West,1.2
2025-12-02,S06,West,4.5
2025-09-03,S12,South,12.7
2025-09-03,S10,Central,12.0
2025-11-25,S12,South,0.0
2025-07-21,S07,West,7.8
2025-08-15,S02,North,2.9
2025-09-11,S10,Central,0.0
2025-11-04,S08,West,0.0
2025-09-30,S10,Central,0.0
2025-08-26,S04,East,0.0
2025-12-05,S11,South,38.5
2025-12-26,S02,North,20.0
2025-01-02,S12,South,4.4
2025-04-26,S10,Central,0.0
2025-06-16,S08,West,0.0
2025-07-06,S10,Central,0.0
2025-12-02,S11,South,5.4
2025-01-24,S10,Central,0.0
2025-06-14,S04,East,0.0
2025-12-06,S07,West,17.6
2025-06-06,S07,West,0.0
2025-11-27,S12,South,23.2
2025-08-13,S05,East,0.9
2025-11-19,S12,South,3.4
2025-11-19,S05,East,0.0
2025-12-15,S10,Central,0.0
2025-09-09,S09,Central,0.0
2025-01-05,S10,Central,0.0
2025-09-10,S03,East,0.0
2025-06-04,S09,Central,8.7
2025-12-08,S02,North,14.3
2025-01-28,S08,West,11.3
2025-10-02,S05,East,0.0
2025-05-15,S12,South,5.4
2025-10-01,S01,North,0.0
2025-10-24,S05,East,0.0
2025-04-20,S12,South,7.3
2025-08-17,S12,South,8.1
2025-08-22,S03,East,0.0
2025-02-22,S09,Central,32.5
2025-11-25,S11,South,0.0
2025-12-22,S06,West,0.0
2025-03-01,S05,East,0.0
2025-11-13,S07,West,3.7
2025-06-20,S12,South,3.9
2025-02-04,S12,South,0.0
2025-02-09,S05,East,3.9
2025-07-27,S08,West,0.0
2025-03-14,S10,Central,7.4
2025-05-30,S01,North,0.3
2025-07-04,S08,West,0.0
2025-09-17,S08,West,0.3
2025-12-11,S05,East,0.0
2025-08-07,S01,North,0.0
2025-08-28,S01,North,0.0
2025-03-25,S04,East,0.0
2025-07-22,S12,South,0.0
2025-01-27,S10,Central,1.1
2025-11-29,S08,West,24.5
2025-04-07,S07,West,0.0
2025-08-27,S07,West,0.0
2025-07-25,S04,East,0.0
2025-01-06,S04,East,7.2
2025-05-18,S09,Central,0.0
2025-09-13,S05,East,13.4
2025-01-19,S12,South,15.7
2025-07-21,S09,Central,38.5
2025-01-25,S10,Central,4.4
2025-11-22,S12,South,0.9
2025-11-06,S04,East,3.5
2025-02-15,S03,East,0.0
2025-05-03,S08,West,20.5
2025-11-21,S08,West,0.0
2025-09-17,S02,North,0.0
2025-04-20,S03,East,6.3
2025-09-20,S02,North,0.0
2025-11-26,S10,Central,54.2
2025-11-20,S01,North,0.0
2025-07-20,S07,West,0.0
2025-08-31,S05,East,10.3
2025-03-31,S06,West,3.0
2025-04-23,S04,East,0.0
2025-11-15,S08,West,0.0
2025-01-29,S04,East,0.0
2025-04-25,S09,Central,14.1
2025-03-14,S02,North,1.6
2025-04-30,S01,North,21.5
2025-04-11,S06,West,3.9
2025-09-25,S11,South,11.6
2025-06-11,S12,South,0.0
2025-02-06,S06,West,0.0
2025-06-25,S10,Central,0.0
2025-03-03,S06,West,25.2
2025-10-24,S03,East,0.0
2025-03-05,S10,Central,7.0
2025-02-07,S10,Central,0.0
2025-07-10,S10,Central,1.7
2025-03-18,S01,North,0.0
2025-08-17,S09,Central,5.6
2025-06-20,S03,East,8.1
2025-06-30,S11,South,0.0
2025-01-07,S02,North,49.7
2025-06-06,S04,East,0.0
2025-01-28,S12,South,17.6
2025-02-04,S10,Central,0.0
2025-07-31,S03,East,0.0
2025-04-28,S08,West,0.0
2025-12-26,S08,West,26.2
2025-07-07,S02,North,0.0
2025-02-11,S02,North,20.1
2025-12-06,S06,West,12.3
2025-01-29,S11,South,0.0
2025-10-22,S11,South,2.6
2025-07-20,S05,East,0.0
2025-03-03,S09,Central,13.4
2025-08-27,S03,East,0.0
2025-03-02,S10,Central,5.8
2025-11-22,S08,West,1.6
2025-05-28,S12,South,0.0
2025-05-26,S10,Central,1.0
2025-07-12,S12,South,12.8
2025-07-26,S07,West,0.0
2025-11-30,S05,East,0.0
2025-11-21,S02,North,0.0
2025-12-19,S08,West,0.0
2025-08-25,S09,Central,0.0
2025-07-07,S10,Central,0.0
2025-10-20,S12,South,0.0
2025-11-22,S05,East,2.6
2025-08-25,S01,North,0.0
2025-01-20,S10,Central,19.4
2025-07-28,S06,West,0.0
2025-07-25,S06,West,4.3
2025-07-18,S11,South,0.3
2025-10-18,S09,Central,0.0
2025-12-01,S08,West,48.5
2025-05-15,S02,North,3.9
2025-04-03,S03,East,0.1
2025-01-23,S11,South,0.0
2025-09-12,S09,Central,0.0
2025-05-17,S10,Central,24.3
2025-03-06,S03,East,0.0
2025-05-01,S10,Central,0.0
2025-06-06,S08,West,0.0
2025-02-23,S10,Central,101.1
2025-09-18,S03,East,0.0
2025-07-22,S02,North,0.0
2025-04-20,S09,Central,6.5
2025-10-20,S07,West,0.0
2025-02-28,S12,South,0.0
2025-01-26,S02,North,34.2
2025-01-14,S03,East,63.2
2025-09-15,S07,West,4.8
2025-06-19,S04,East,0.0
2025-08-24,S01,North,26.3
2025-11-28,S01,North,16.3
2025-06-13,S11,South,14.9
2025-04-26,S02,North,0.0
2025-09-22,S06,West,0.0
2025-04-18,S08,West,0.0
2025-11-12,S09,Central,3.4
2025-03-19,S11,South,0.0
2025-09-22,S05,East,0.0
2025-02-14,S01,North,0.0
2025-12-13,S12,South,27.8
2025-08-15,S11,South,0.0
2025-04-08,S12,South,0.0
2025-06-12,S12,South,12.9
2025-05-01,S01,North,0.0
2025-07-18,S10,Central,1.0
2025-01-31,S08,West,0.0
2025-07-19,S09,Central,2.7
2025-09-19,S09,Central,23.0
2025-08-01,S11,South,19.0
2025-08-13,S04,East,1.0
2025-10-15,S10,Central,1.9
2025-07-16,S03,East,0.0
2025-02-25,S08,West,0.0
2025-07-01,S05,East,0.0
2025-08-12,S01,North,2.2
2025-02-06,S03,East,0.0
2025-09-06,S02,North,18.7
2025-01-19,S09,Central,11.9
2025-07-17,S04,East,0.6
2025-03-12,S11,South,9.2
2025-05-08,S05,East,10.3
2025-10-27,S10,Central,0.0
2025-02-22,S01,North,26.4
2025-06-14,S02,North,0.0
2025-01-26,S08,West,33.4
2025-05-02,S06,West,0.2
2025-02-07,S02,North,0.0
2025-03-30,S03,East,24.9
2025-08-09,S10,Central,0.0
2025-06-05,S01,North,2.6
2025-06-26,S10,Central,4.5
2025-05-21,S08,West,0.0
2025-12-04,S12,South,23.9
2025-09-06,S01,North,51.2
2025-02-01,S03,East,0.0
2025-04-27,S06,West,0.0
2025-09-09,S06,West,10.0
2025-10-03,S10,Central,8.9
2025-05-09,S08,West,0.0
2025-03-24,S04,East,0.0
2025-06-27,S02,North,0.0
2025-03-05,S03,East,13.8
2025-11-09,S05,East,0.0
2025-11-13,S09,Central,6.8
2025-10-23,S12,South,2.5
2025-09-21,S02,North,0.0
2025-02-25,S07,West,0.0
2025-07-29,S12,South,34.1
2025-07-16,S07,West,0.0
2025-01-09,S11,South,0.0
2025-10-14,S07,West,47.7
2025-11-17,S12,South,0.0
2025-08-15,S08,West,0.0
2025-11-16,S04,East,17.4
2025-02-04,S10,Central,0.0
2025-07-27,S05,East,0.0
2025-03-14,S09,Central,7.8
2025-02-08,S05,East,0.0
2025-01-30,S09,Central,0.0
2025-01-24,S04,East,0.0
2025-07-09,S02,North,0.0
2025-02-20,S06,West,16.6
2025-04-07,S03,East,0.0
2025-08-15,S05,East,36.4
2025-09-19,S11,South,13.0
2025-08-27,S11,South,0.0
2025-07-26,S06,West,0.0
2025-02-10,S09,Central,15.6
2025-03-01,S06,West,0.0
2025-07-08,S11,South,3.3
2025-12-06,S10,Central,9.8
2025-03-08,S09,Central,9.1
2025-07-02,S10,Central,0.0
2025-06-14,S11,South,0.0
2025-06-20,S02,North,7.0
2025-06-24,S10,Central,19.4
2025-07-08,S12,South,0.0
2025-06-05,S08,West,1.9
2025-06-04,S01,North,16.7
2025-01-04,S10,Central,0.0
2025-04-05,S12,South,0.0
2025-10-04,S09,Central,0.0
2025-03-21,S09,Central,0.0
2025-09-21,S04,East,0.0
2025-11-19,S01,North,0.0
2025-10-25,S05,East,0.0
2025-01-15,S01,North,0.0
2025-04-03,S10,Central,0.1
2025-01-21,S06,West,0.4
2025-10-25,S12,South,0.0
2025-03-24,S01,North,0.0
2025-02-22,S08,West,46.9
2025-06-15,S06,West,0.0
2025-07-30,S06,West,0.0
2025-10-26,S10,Central,15.7
2025-06-14,S08,West,0.0
2025-12-02,S04,East,2.8
2025-06-11,S05,East,0.0
2025-04-15,S09,Central,0.0
2025-08-04,S08,West,3.5
2025-06-17,S10,Central,0.0
2025-10-08,S06,West,8.9
2025-12-16,S05,East,0.0
2025-03-23,S05,East,0.0
2025-04-12,S03,East,1.3
2025-10-30,S06,West,6.3
2025-05-07,S04,East,0.0
2025-02-18,S02,North,0.0
2025-05-01,S08,West,0.0
2025-08-05,S10,Central,19.5
2025-02-09,S06,West,3.3
2025-06-15,S01,North,0.0
2025-04-02,S12,South,0.0
2025-01-06,S10,Central,15.3
2025-09-07,S02,North,0.0
2025-08-09,S09,Central,0.0
2025-08-01,S10,Central,34.7
2025-10-12,S03,East,7.5
2025-12-26,S06,West,22.0
2025-07-04,S09,Central,0.0
2025-09-02,S12,South,2.9
2025-05-22,S08,West,29.9
2025-07-09,S04,East,0.0
2025-10-30,S11,South,8.5
2025-06-16,S10,Central,0.0
2025-02-08,S07,West,0.0
2025-06-30,S10,Central,0.0
2025-07-10,S02,North,1.7
2025-07-26,S09,Central,0.0
2025-08-16,S09,Central,0.0
2025-08-14,S07,West,0.0
2025-06-10,S07,West,17.2
2025-06-13,S04,East,0.0
2025-07-07,S03,East,15.9
2025-09-27,S02,North,0.0
2025-04-03,S08,West,0.1
2025-05-19,S10,Central,13.8
2025-01-08,S04,East,0.0
2025-07-17,S07,West,0.3
2025-10-23,S05,East,0.8
2025-03-08,S03,East,7.0
2025-04-28,S09,Central,0.0
2025-07-16,S11,South,0.0
2025-03-16,S10,Central,0.0
2025-09-13,S12,South,9.0
2025-06-24,S01,North,0.0
2025-11-03,S08,West,2.8
2025-08-30,S11,South,4.1
2025-09-03,S01,North,12.9
2025-02-02,S04,East,5.4
2025-08-30,S05,East,8.4
2025-07-14,S05,East,0.0
2025-05-25,S01,North,0.0
2025-05-26,S01,North,0.6
2025-04-01,S01,North,18.4
2025-05-28,S11,South,0.0
2025-08-15,S10,Central,0.0
2025-08-20,S11,South,0.0
2025-11-14,S02,North,0.1
2025-11-07,S01,North,0.5
2025-12-09,S11,South,6.3
2025-07-13,S10,Central,0.0
2025-04-04,S01,North,0.0
2025-04-15,S03,East,0.0
2025-06-28,S06,West,0.0
2025-07-14,S03,East,0.0
2025-08-30,S12,South,2.5
2025-05-12,S06,West,7.0
2025-11-02,S03,East,24.2
2025-12-19,S04,East,0.0
2025-01-12,S12,South,43.5
2025-05-29,S07,West,0.0
2025-03-29,S05,East,0.0
2025-10-14,S09,Central,66.7
2025-04-30,S07,West,22.2
2025-02-25,S05,East,0.0
2025-11-22,S11,South,0.9
2025-01-08,S10,Central,0.0
2025-09-26,S03,East,0.0
2025-05-04,S03,East,0.0
2025-09-30,S11,South,0.0
2025-11-27,S07,West,37.8
2025-03-03,S07,West,16.3
2025-04-05,S04,East,0.0
2025-04-06,S04,East,0.5
2025-05-25,S11,South,0.0
2025-05-12,S07,West,14.6
2025-03-13,S09,Central,4.9
2025-09-28,S06,West,0.0
2025-08-17,S10,Central,10.0
2025-02-06,S02,North,0.0
2025-08-27,S10,Central,0.0
2025-02-25,S04,East,0.0
2025-03-26,S01,North,3.2
2025-03-09,S07,West,0.0
2025-03-20,S06,West,2.7
2025-04-25,S01,North,10.7
2025-07-30,S08,West,0.0
2025-12-16,S09,Central,0.0
2025-08-23,S01,North,2.8
2025-05-05,S12,South,0.0
2025-06-22,S05,East,2.4
2025-07-22,S10,Central,0.0
2025-06-04,S05,East,5.5
2025-03-06,S09,Central,0.0
2025-03-30,S05,East,15.7
2025-09-05,S05,East,1.8
2025-05-24,S05,East,2.6
2025-06-11,S11,South,0.0
2025-12-13,S10,Central,15.1
2025-04-18,S06,West,0.0
2025-09-29,S09,Central,0.0
2025-03-30,S06,West,6.4
2025-01-02,S09,Central,4.9
2025-12-17,S10,Central,0.0
2025-01-30,S10,Central,0.0
2025-01-12,S09,Central,14.0
2025-01-18,S09,Central,33.5
2025-05-15,S09,Central,5.1
2025-02-18,S06,West,0.0
2025-11-17,S11,South,0.0
2025-05-13,S08,West,18.2
2025-04-23,S05,East,0.0
2025-05-30,S05,East,0.2
2025-12-10,S01,North,0.0
2025-02-04,S08,West,0.0
2025-05-28,S10,Central,25.2
2025-09-27,S07,West,4.2
2025-07-19,S08,West,6.4
2025-03-04,S04,East,10.2
2025-07-24,S10,Central,0.0
2025-03-12,S07,West,14.2
2025-11-08,S04,East,0.0
2025-11-26,S06,West,28.6
2025-11-27,S04,East,26.1
2025-11-17,S08,West,0.0
2025-03-01,S02,North,0.0
2025-10-20,S01,North,0.0
2025-01-18,S04,East,69.5
2025-08-23,S07,West,2.5
2025-12-16,S06,West,0.0
2025-11-01,S05,East,7.4
2025-07-27,S03,East,0.0
2025-06-26,S11,South,7.7
2025-12-28,S11,South,17.3
2025-01-23,S12,South,0.0
2025-09-12,S01,North,0.0
2025-09-27,S12,South,0.0
2025-03-11,S05,East,0.0
2025-08-03,S03,East,0.0
2025-11-07,S09,Central,0.5
2025-01-29,S10,Central,0.0
2025-02-04,S09,Central,0.0
2025-08-28,S03,East,0.0
2025-05-12,S02,North,6.9
2025-02-21,S06,West,0.0
2025-02-04,S07,West,0.0
2025-12-04,S01,North,25.9
2025-04-11,S04,East,2.3
2025-04-11,S07,West,3.3
2025-02-06,S10,Central,0.0
2025-01-01,S12,South,6.2
2025-01-09,S07,West,0.0
2025-08-21,S06,West,0.0
2025-12-15,S07,West,0.0
2025-12-17,S12,South,0.0
2025-02-02,S06,West,8.9
2025-08-05,S06,West,1.7
2025-03-01,S09,Central,0.0
2025-11-13,S08,West,4.3
2025-01-25,S09,Central,10.2
2025-05-13,S07,West,11.1
2025-03-11,S02,North,0.0
2025-11-12,S08,West,4.9
2025-06-02,S11,South,0.0
2025-12-28,S07,West,53.4
2025-12-05,S09,Central,10.6
2025-10-30,S10,Central,7.7
2025-02-02,S10,Central,7.8
2025-06-13,S06,West,0.0
2025-04-24,S06,West,0.0
2025-12-28,S10,Central,53.8
2025-08-06,S04,East,0.0
2025-03-31,S08,West,4.4
2025-12-29,S04,East,14.4
2025-06-16,S04,East,0.0
2025-08-25,S03,East,0.0
2025-07-02,S04,East,0.0
2025-08-29,S02,North,28.4
2025-04-15,S01,North,0.0
2025-10-08,S02,North,9.4
2025-08-04,S09,Central,1.9
2025-10-17,S03,East,0.0
2025-04-02,S01,North,0.0
2025-12-29,S08,West,20.3
2025-06-28,S03,East,0.0
2025-01-08,S07,West,0.0
2025-08-27,S01,North,0.0
2025-09-25,S09,Central,12.2
2025-08-01,S03,East,61.0
2025-08-11,S04,East,0.0
2025-07-28,S03,East,0.0
2025-12-23,S09,Central,20.4
2025-11-10,S10,Central,18.3
2025-03-26,S06,West,4.0
2025-09-14,S05,East,0.0
2025-01-06,S01,North,7.0
2025-12-07,S11,South,1.9
2025-05-21,S09,Central,0.0
2025-01-19,S01,North,12.2
2025-07-12,S06,West,17.8
2025-07-21,S08,West,6.9
2025-03-31,S07,West,6.7
2025-03-23,S03,East,0.0
2025-09-10,S04,East,0.0
2025-12-18,S12,South,0.0
2025-09-18,S01,North,0.0
2025-01-27,S06,West,1.4
2025-06-07,S05,East,1.0
2025-11-08,S07,West,3.1
2025-11-27,S05,East,39.3
2025-08-06,S05,East,0.0
2025-10-31,S05,East,9.3
2025-06-05,S02,North,1.9
2025-12-01,S11,South,31.4
2025-09-02,S10,Central,5.5
2025-09-03,S05,East,24.4
2025-08-23,S10,Central,2.5
2025-11-29,S07,West,21.8
2025-12-12,S11,South,3.1
2025-11-28,S11,South,9.1
2025-02-12,S11,South,0.0
2025-02-03,S03,East,0.0
2025-02-13,S04,East,0.0
2025-01-06,S11,South,6.1
2025-02-23,S04,East,197.0
2025-08-17,S03,East,5.4
2025-07-14,S02,North,0.0
2025-04-17,S05,East,0.0
2025-12-16,S12,South,0.0
2025-12-08,S07,West,28.3
2025-01-02,S02,North,4.3
2025-10-26,S11,South,25.8
2025-06-20,S06,West,4.9
2025-07-17,S12,South,0.6
2025-06-09,S05,East,0.0
2025-03-20,S03,East,2.4
2025-12-26,S09,Central,60.0
2025-12-10,S11,South,0.0
2025-01-12,S01,North,22.6
2025-09-05,S06,West,1.4
2025-06-26,S01,North,5.5
2025-12-12,S07,West,6.8
2025-10-11,S11,South,0.0
2025-03-03,S08,West,22.6
2025-10-10,S10,Central,0.0
2025-06-07,S11,South,0.0
2025-02-14,S10,Central,0.0
2025-09-09,S05,East,0.0
2025-02-18,S07,West,0.0
2025-02-22,S10,Central,20.1
2025-05-13,S10,Central,11.9
2025-06-02,S08,West,0.0
2025-10-12,S12,South,3.4
2025-12-07,S10,Central,1.7
2025-09-26,S06,West,0.0
2025-04-27,S08,West,0.0
2025-06-22,S10,Central,1.3
2025-05-18,S04,East,0.0
2025-10-04,S03,East,0.0
2025-11-28,S10,Central,4.8
2025-05-15,S11,South,7.0
2025-09-29,S06,West,0.0
2025-02-13,S12,South,0.0
2025-09-27,S01,North,0.0
2025-08-04,S06,West,1.4
2025-09-23,S01,North,0.0
2025-07-04,S03,East,0.0
2025-05-16,S07,West,0.0
2025-03-30,S07,West,8.5
2025-10-18,S01,North,0.0
2025-02-09,S09,Central,3.1
2025-11-12,S06,West,3.9
2025-08-28,S05,East,3.4
2025-06-23,S12,South,18.9
2025-10-17,S12,South,0.0
2025-06-16,S09,Central,0.0
2025-06-19,S08,West,0.0
2025-10-16,S01,North,0.0
2025-08-23,S09,Central,3.2
2025-01-27,S10,Central,1.1
2025-07-30,S02,North,0.0
2025-05-01,S03,East,0.0
2025-10-08,S11,South,3.7
2025-11-06,S05,East,0.0
2025-12-13,S11,South,13.7
2025-02-22,S04,East,42.3
2025-06-09,S04,East,0.0
2025-03-07,S06,West,0.0
2025-03-12,S06,West,10.8
2025-01-17,S08,West,50.9
2025-12-11,S11,South,0.0
2025-10-09,S05,East,21.1
2025-08-02,S12,South,0.0
2025-12-24,S11,South,0.3
2025-08-22,S01,North,0.0
2025-04-05,S10,Central,0.0
2025-05-20,S08,West,0.0
2025-03-15,S12,South,0.0
2025-10-26,S05,East,22.7
2025-07-02,S01,North,0.0
2025-02-19,S05,East,0.0
2025-02-19,S01,North,0.0
2025-12-24,S12,South,0.4
2025-04-17,S01,North,0.0
2025-03-20,S02,North,14.4
2025-06-26,S06,West,3.8
2025-12-28,S02,North,76.1
2025-04-06,S07,West,0.3
2025-07-07,S07,West,0.0
2025-06-07,S12,South,0.0
2025-06-19,S01,North,0.0
2025-09-29,S03,East,0.0
2025-01-15,S10,Central,0.0
2025-01-06,S07,West,10.2
2025-07-17,S01,North,0.5
2025-07-10,S11,South,2.8
2025-10-10,S02,North,0.0
2025-06-12,S09,Central,24.2
2025-06-22,S12,South,1.7
2025-05-11,S11,South,0.0
2025-09-08,S08,West,0.0
2025-01-09,S02,North,0.0
2025-07-21,S02,North,3.5
2025-04-28,S11,South,0.0
2025-01-23,S09,Central,0.0
2025-09-05,S10,Central,1.6
2025-04-18,S04,East,0.0
2025-06-17,S12,South,0.0
2025-09-01,S03,East,0.0
2025-02-19,S10,Central,0.0
2025-01-25,S11,South,5.2
2025-02-05,S11,South,0.0
2025-02-27,S06,West,0.0
2025-06-15,S07,West,0.0
2025-03-04,S06,West,12.8
2025-09-24,S06,West,0.0
2025-04-25,S03,East,11.5
2025-01-13,S07,West,8.1
2025-12-16,S01,North,0.0
2025-02-24,S03,East,0.0
2025-02-17,S01,North,0.0
2025-02-18,S11,South,0.0
2025-02-20,S12,South,15.5
2025-01-27,S05,East,1.7
2025-03-29,S06,West,0.0
2025-11-19,S09,Central,0.0
2025-02-03,S01,North,0.1
2025-02-27,S03,East,0.0
2025-04-30,S08,West,20.2
2025-07-21,S03,East,6.0
2025-09-19,S07,West,22.6
2025-09-30,S05,East,0.0
2025-07-20,S04,East,0.0
2025-04-03,S01,North,0.1
2025-12-10,S08,West,0.0
2025-10-13,S08,West,0.1
2025-02-04,S03,East,0.0
2025-04-26,S09,Central,0.0
2025-11-02,S07,West,9.0
2025-11-12,S05,East,3.7
2025-09-15,S01,North,0.0
2025-06-21,S04,East,0.0
2025-04-24,S04,East,0.0
2025-02-12,S03,East,0.0
2025-11-09,S01,North,0.0
2025-03-06,S12,South,0.0
2025-05-05,S09,Central,12.0
2025-11-08,S12,South,0.0
2025-05-09,S04,East,0.0
2025-10-21,S11,South,7.5
2025-10-29,S04,East,8.6
2025-06-22,S11,South,1.9
2025-09-01,S09,Central,3.0
2025-10-06,S10,Central,0.0
2025-06-05,S07,West,3.5
2025-12-30,S08,West,0.2
2025-01-27,S02,North,1.4
2025-02-13,S05,East,0.0
2025-02-14,S04,East,0.0
2025-01-02,S10,Central,4.1
2025-09-28,S08,West,0.0
2025-02-23,S11,South,68.1
2025-03-17,S08,West,0.9
2025-01-20,S10,Central,19.4
2025-11-21,S04,East,0.0
2025-07-09,S03,East,0.0
2025-12-06,S12,South,17.0
2025-02-12,S08,West,0.0
2025-06-22,S02,North,1.5
2025-06-22,S04,East,1.2
2025-10-31,S12,South,16.3
